dag_family,dag_label,n_tasks,n_edges,ccr,alpha,beta,seed,scheduler,scheduler_label,native_makespan,replayed_makespan,native_speedup_vs_heft,replayed_speedup_vs_heft,replay_overhead_ratio,contention_penalty,normalized_contention_penalty,duplicate_count,task_instance_ratio,duplication_efficiency,makespan_reduction_per_dup,comm_count,total_comm_time,link_total_busy_time,link_max_busy_time,link_mean_busy_time,link_load_imbalance,n_used_links
out_tree,Out-tree,7,6,1.0,0.0,1.0,0,heft,HEFT,61.2888,92.2914,1.0,1.0,1.505844,31.0026,0.505844,0,1.0,,,0,0,111.3938,54.5907,37.1313,0.319824,3
out_tree,Out-tree,7,6,1.0,0.0,1.0,0,cdls,CD-LS,46.419,56.5994,1.32034,1.630609,1.219315,10.1804,0.219315,3,1.428571,1.471421,11.8974,0,0,71.1002,27.7502,23.7001,0.14595,3
out_tree,Out-tree,7,6,1.0,0.0,1.0,0,cad,Proposed CA-D,40.8003,40.8003,1.502167,2.262029,1.0,0.0,0.0,5,1.714286,1.766841,10.2982,0,0,0.0,0.0,0.0,0.0,0
out_tree,Out-tree,7,6,1.0,0.0,1.0,1,heft,HEFT,67.8621,71.2624,1.0,1.0,1.050105,3.4002,0.050105,0,1.0,,,0,0,29.6506,29.6506,29.6506,0.0,1
out_tree,Out-tree,7,6,1.0,0.0,1.0,1,cdls,CD-LS,56.9886,56.9886,1.190801,1.250467,1.0,0.0,0.0,2,1.285714,0.876633,7.1369,0,0,30.7537,15.3769,15.3769,0.0,2
out_tree,Out-tree,7,6,1.0,0.0,1.0,1,cad,Proposed CA-D,51.164,51.164,1.326364,1.392822,1.0,0.0,0.0,5,1.714286,0.54995,4.0197,0,0,0.0,0.0,0.0,0.0,0
out_tree,Out-tree,7,6,1.0,0.0,1.0,2,heft,HEFT,58.9234,82.7871,1.0,1.0,1.404994,23.8637,0.404994,0,1.0,,,0,0,93.9511,56.567,46.9755,0.16956,2
out_tree,Out-tree,7,6,1.0,0.0,1.0,2,cdls,CD-LS,44.9546,49.6909,1.310731,1.66604,1.105357,4.7363,0.105357,3,1.428571,1.554092,11.032,0,0,51.696,31.2248,17.232,0.448132,3
out_tree,Out-tree,7,6,1.0,0.0,1.0,2,cad,Proposed CA-D,42.066,42.066,1.400738,1.968029,1.0,0.0,0.0,5,1.714286,1.355241,8.1442,0,0,0.0,0.0,0.0,0.0,0
out_tree,Out-tree,7,6,1.0,0.0,1.0,3,heft,HEFT,46.9865,46.9865,1.0,1.0,1.0,0.0,0.0,0,1.0,,,0,0,19.42,12.6171,9.71,0.230411,2
out_tree,Out-tree,7,6,1.0,0.0,1.0,3,cdls,CD-LS,46.9865,46.9865,1.0,1.0,1.0,0.0,0.0,2,1.285714,0.0,0.0,0,0,13.6057,6.8029,6.8029,0.0,2
out_tree,Out-tree,7,6,1.0,0.0,1.0,3,cad,Proposed CA-D,35.4896,35.4896,1.323951,1.323951,1.0,0.0,0.0,5,1.714286,0.453532,2.2994,0,0,0.0,0.0,0.0,0.0,0
out_tree,Out-tree,7,6,1.0,0.0,1.0,4,heft,HEFT,76.494,97.654,1.0,1.0,1.276624,21.16,0.276624,0,1.0,,,0,0,69.5782,55.1909,34.7891,0.369659,2
out_tree,Out-tree,7,6,1.0,0.0,1.0,4,cdls,CD-LS,63.824,63.824,1.198513,1.53005,1.0,0.0,0.0,2,1.285714,1.855176,16.915,0,0,28.359,14.3872,9.453,0.342959,3
out_tree,Out-tree,7,6,1.0,0.0,1.0,4,cad,Proposed CA-D,55.818,55.818,1.370417,1.749507,1.0,0.0,0.0,5,1.714286,1.049309,8.3672,0,0,0.0,0.0,0.0,0.0,0
out_tree,Out-tree,7,6,1.0,0.0,1.0,5,heft,HEFT,60.1261,60.1261,1.0,1.0,1.0,0.0,0.0,0,1.0,,,0,0,13.7617,9.4093,6.8808,0.268723,2
out_tree,Out-tree,7,6,1.0,0.0,1.0,5,cdls,CD-LS,44.9078,49.1653,1.338879,1.222937,1.094806,4.2575,0.094806,3,1.428571,0.520187,3.6536,0,0,21.4773,8.6099,7.1591,0.168502,3
out_tree,Out-tree,7,6,1.0,0.0,1.0,5,cad,Proposed CA-D,43.4812,43.4812,1.382808,1.382808,1.0,0.0,0.0,5,1.714286,0.535931,3.329,0,0,0.0,0.0,0.0,0.0,0
out_tree,Out-tree,7,6,1.0,0.0,1.0,6,heft,HEFT,68.0606,68.0606,1.0,1.0,1.0,0.0,0.0,0,1.0,,,0,0,20.3541,12.2535,10.1771,0.169458,2
out_tree,Out-tree,7,6,1.0,0.0,1.0,6,cdls,CD-LS,53.2147,53.2147,1.278981,1.278981,1.0,0.0,0.0,1,1.142857,1.952866,14.8459,0,0,8.1006,8.1006,8.1006,0.0,1
out_tree,Out-tree,7,6,1.0,0.0,1.0,6,cad,Proposed CA-D,43.0332,43.0332,1.581582,1.581582,1.0,0.0,0.0,5,1.714286,0.814215,5.0055,0,0,0.0,0.0,0.0,0.0,0
out_tree,Out-tree,7,6,1.0,0.0,1.0,7,heft,HEFT,67.3505,68.1718,1.0,1.0,1.012194,0.8213,0.012194,0,1.0,,,0,0,28.2881,19.0568,14.144,0.257795,2
out_tree,Out-tree,7,6,1.0,0.0,1.0,7,cdls,CD-LS,50.7152,50.7152,1.328014,1.344207,1.0,0.0,0.0,1,1.142857,2.409451,17.4566,0,0,18.4626,9.2313,9.2313,0.0,2
out_tree,Out-tree,7,6,1.0,0.0,1.0,7,cad,Proposed CA-D,49.115,49.115,1.371282,1.388003,1.0,0.0,0.0,5,1.714286,0.543204,3.8114,0,0,0.0,0.0,0.0,0.0,0
out_tree,Out-tree,7,6,1.0,0.0,1.0,8,heft,HEFT,64.5904,64.5904,1.0,1.0,1.0,0.0,0.0,0,1.0,,,0,0,9.1442,9.1442,9.1442,0.0,1
out_tree,Out-tree,7,6,1.0,0.0,1.0,8,cdls,CD-LS,56.3226,56.3226,1.146793,1.146793,1.0,0.0,0.0,4,1.571429,0.256888,2.0669,0,0,45.7208,18.2883,15.2403,0.166667,3
out_tree,Out-tree,7,6,1.0,0.0,1.0,8,cad,Proposed CA-D,47.7622,47.7622,1.352334,1.352334,1.0,0.0,0.0,5,1.714286,0.493267,3.3656,0,0,0.0,0.0,0.0,0.0,0
out_tree,Out-tree,7,6,1.0,0.0,1.0,9,heft,HEFT,68.3732,91.6267,1.0,1.0,1.340097,23.2535,0.340097,0,1.0,,,0,0,133.1249,54.3688,33.2812,0.387862,4
out_tree,Out-tree,7,6,1.0,0.0,1.0,9,cdls,CD-LS,68.3732,91.6267,1.0,1.0,1.340097,23.2535,0.340097,1,1.142857,0.0,0.0,0,0,76.7334,48.5296,25.5778,0.472944,3
out_tree,Out-tree,7,6,1.0,0.0,1.0,9,cad,Proposed CA-D,50.8317,50.8317,1.345091,1.802552,1.0,0.0,0.0,5,1.714286,1.123573,8.159,0,0,0.0,0.0,0.0,0.0,0
out_tree,Out-tree,7,6,5.0,0.0,1.0,0,heft,HEFT,84.4537,84.4537,1.0,1.0,1.0,0.0,0.0,0,1.0,,,0,0,0.0,0.0,0.0,0.0,0
out_tree,Out-tree,7,6,5.0,0.0,1.0,0,cdls,CD-LS,52.9599,52.9599,1.594672,1.594672,1.0,0.0,0.0,1,1.142857,4.162704,31.4938,0,0,0.0,0.0,0.0,0.0,0
out_tree,Out-tree,7,6,5.0,0.0,1.0,0,cad,Proposed CA-D,40.8003,40.8003,2.069929,2.069929,1.0,0.0,0.0,5,1.714286,1.4979,8.7307,0,0,0.0,0.0,0.0,0.0,0
out_tree,Out-tree,7,6,5.0,0.0,1.0,1,heft,HEFT,96.7693,96.7693,1.0,1.0,1.0,0.0,0.0,0,1.0,,,0,0,0.0,0.0,0.0,0.0,0
out_tree,Out-tree,7,6,5.0,0.0,1.0,1,cdls,CD-LS,60.8415,60.8415,1.590515,1.590515,1.0,0.0,0.0,1,1.142857,4.133607,35.9278,0,0,0.0,0.0,0.0,0.0,0
out_tree,Out-tree,7,6,5.0,0.0,1.0,1,cad,Proposed CA-D,51.164,51.164,1.891355,1.891355,1.0,0.0,0.0,5,1.714286,1.247897,9.1211,0,0,0.0,0.0,0.0,0.0,0
out_tree,Out-tree,7,6,5.0,0.0,1.0,2,heft,HEFT,79.7421,79.7421,1.0,1.0,1.0,0.0,0.0,0,1.0,,,0,0,0.0,0.0,0.0,0.0,0
out_tree,Out-tree,7,6,5.0,0.0,1.0,2,cdls,CD-LS,49.8845,49.8845,1.598535,1.598535,1.0,0.0,0.0,1,1.142857,4.189745,29.8576,0,0,0.0,0.0,0.0,0.0,0
out_tree,Out-tree,7,6,5.0,0.0,1.0,2,cad,Proposed CA-D,42.066,42.066,1.895644,1.895644,1.0,0.0,0.0,5,1.714286,1.253901,7.5352,0,0,0.0,0.0,0.0,0.0,0
out_tree,Out-tree,7,6,5.0,0.0,1.0,3,heft,HEFT,75.683,75.683,1.0,1.0,1.0,0.0,0.0,0,1.0,,,0,0,0.0,0.0,0.0,0.0,0
out_tree,Out-tree,7,6,5.0,0.0,1.0,3,cdls,CD-LS,46.9865,46.9865,1.610739,1.610739,1.0,0.0,0.0,1,1.142857,4.275175,28.6965,0,0,0.0,0.0,0.0,0.0,0
out_tree,Out-tree,7,6,5.0,0.0,1.0,3,cad,Proposed CA-D,35.4896,35.4896,2.13254,2.13254,1.0,0.0,0.0,5,1.714286,1.585556,8.0387,0,0,0.0,0.0,0.0,0.0,0
out_tree,Out-tree,7,6,5.0,0.0,1.0,4,heft,HEFT,99.4581,99.4581,1.0,1.0,1.0,0.0,0.0,0,1.0,,,0,0,0.0,0.0,0.0,0.0,0
out_tree,Out-tree,7,6,5.0,0.0,1.0,4,cdls,CD-LS,66.4653,66.4653,1.496391,1.496391,1.0,0.0,0.0,1,1.142857,3.474738,32.9928,0,0,0.0,0.0,0.0,0.0,0
out_tree,Out-tree,7,6,5.0,0.0,1.0,4,cad,Proposed CA-D,55.818,55.818,1.781828,1.781828,1.0,0.0,0.0,5,1.714286,1.094559,8.728,0,0,0.0,0.0,0.0,0.0,0
out_tree,Out-tree,7,6,5.0,0.0,1.0,5,heft,HEFT,83.8977,83.8977,1.0,1.0,1.0,0.0,0.0,0,1.0,,,0,0,0.0,0.0,0.0,0.0,0
out_tree,Out-tree,7,6,5.0,0.0,1.0,5,cdls,CD-LS,51.6826,51.6826,1.623326,1.623326,1.0,0.0,0.0,1,1.142857,4.363283,32.2151,0,0,0.0,0.0,0.0,0.0,0
out_tree,Out-tree,7,6,5.0,0.0,1.0,5,cad,Proposed CA-D,43.4812,43.4812,1.929517,1.929517,1.0,0.0,0.0,5,1.714286,1.301323,8.0833,0,0,0.0,0.0,0.0,0.0,0
out_tree,Out-tree,7,6,5.0,0.0,1.0,6,heft,HEFT,78.678,78.678,1.0,1.0,1.0,0.0,0.0,0,1.0,,,0,0,20.7646,20.7646,20.7646,0.0,1
out_tree,Out-tree,7,6,5.0,0.0,1.0,6,cdls,CD-LS,53.6507,53.6507,1.466487,1.466487,1.0,0.0,0.0,1,1.142857,3.265412,25.0274,0,0,0.0,0.0,0.0,0.0,0
out_tree,Out-tree,7,6,5.0,0.0,1.0,6,cad,Proposed CA-D,43.0332,43.0332,1.828309,1.828309,1.0,0.0,0.0,5,1.714286,1.159633,7.129,0,0,0.0,0.0,0.0,0.0,0
out_tree,Out-tree,7,6,5.0,0.0,1.0,7,heft,HEFT,90.5328,90.5328,1.0,1.0,1.0,0.0,0.0,0,1.0,,,0,0,0.0,0.0,0.0,0.0,0
out_tree,Out-tree,7,6,5.0,0.0,1.0,7,cdls,CD-LS,54.194,54.194,1.670532,1.670532,1.0,0.0,0.0,1,1.142857,4.693724,36.3388,0,0,0.0,0.0,0.0,0.0,0
out_tree,Out-tree,7,6,5.0,0.0,1.0,7,cad,Proposed CA-D,49.115,49.115,1.843282,1.843282,1.0,0.0,0.0,5,1.714286,1.180594,8.2836,0,0,0.0,0.0,0.0,0.0,0
out_tree,Out-tree,7,6,5.0,0.0,1.0,8,heft,HEFT,96.8056,96.8056,1.0,1.0,1.0,0.0,0.0,0,1.0,,,0,0,0.0,0.0,0.0,0.0,0
out_tree,Out-tree,7,6,5.0,0.0,1.0,8,cdls,CD-LS,68.4091,68.4091,1.415098,1.415098,1.0,0.0,0.0,3,1.428571,0.968561,9.4655,0,0,0.0,0.0,0.0,0.0,0
out_tree,Out-tree,7,6,5.0,0.0,1.0,8,cad,Proposed CA-D,47.7622,47.7622,2.026825,2.026825,1.0,0.0,0.0,5,1.714286,1.437555,9.8087,0,0,0.0,0.0,0.0,0.0,0
out_tree,Out-tree,7,6,5.0,0.0,1.0,9,heft,HEFT,110.444,110.444,1.0,1.0,1.0,0.0,0.0,0,1.0,,,0,0,0.0,0.0,0.0,0.0,0
out_tree,Out-tree,7,6,5.0,0.0,1.0,9,cdls,CD-LS,75.9721,75.9721,1.453743,1.453743,1.0,0.0,0.0,3,1.428571,1.058734,11.4906,0,0,0.0,0.0,0.0,0.0,0
out_tree,Out-tree,7,6,5.0,0.0,1.0,9,cad,Proposed CA-D,50.8317,50.8317,2.172739,2.172739,1.0,0.0,0.0,5,1.714286,1.641835,11.9225,0,0,0.0,0.0,0.0,0.0,0
fork_join,Fork-join,14,16,1.0,0.0,1.0,0,heft,HEFT,86.8267,99.6389,1.0,1.0,1.14756,12.8121,0.14756,0,1.0,,,0,0,115.5097,50.4266,28.8774,0.427338,4
fork_join,Fork-join,14,16,1.0,0.0,1.0,0,cdls,CD-LS,82.8053,95.6174,1.048566,1.042058,1.154726,12.8121,0.154726,3,1.214286,0.196271,1.3405,0,0,45.3634,27.9149,15.1211,0.458314,3
fork_join,Fork-join,14,16,1.0,0.0,1.0,0,cad,Proposed CA-D,82.8053,82.8053,1.048566,1.203292,1.0,0.0,0.0,4,1.285714,0.711521,4.2084,3,23.4268,25.7725,15.1028,8.5908,0.431177,3
fork_join,Fork-join,14,16,1.0,0.0,1.0,1,heft,HEFT,99.2474,116.7931,1.0,1.0,1.176787,17.5457,0.176787,0,1.0,,,0,0,121.1899,50.5042,30.2975,0.4001,4
fork_join,Fork-join,14,16,1.0,0.0,1.0,1,cdls,CD-LS,88.5784,100.9052,1.120447,1.157454,1.139161,12.3267,0.139161,4,1.285714,0.55109,3.972,0,0,50.4205,32.9585,16.8068,0.490061,3
fork_join,Fork-join,14,16,1.0,0.0,1.0,1,cad,Proposed CA-D,89.2521,89.2521,1.11199,1.308576,1.0,0.0,0.0,4,1.285714,1.080016,6.8853,3,39.8105,60.238,27.4838,20.0793,0.269412,3
fork_join,Fork-join,14,16,1.0,0.0,1.0,2,heft,HEFT,81.1594,86.0124,1.0,1.0,1.059795,4.853,0.059795,0,1.0,,,0,0,85.6134,40.6144,17.1227,0.578408,5
fork_join,Fork-join,14,16,1.0,0.0,1.0,2,cdls,CD-LS,64.0542,76.3072,1.267043,1.127185,1.191292,12.253,0.191292,3,1.214286,0.593532,3.2351,0,0,32.9205,19.2741,10.9735,0.430661,3
fork_join,Fork-join,14,16,1.0,0.0,1.0,2,cad,Proposed CA-D,73.2015,73.2015,1.108712,1.175008,1.0,0.0,0.0,4,1.285714,0.612528,3.2027,3,19.315,33.0432,19.315,11.0144,0.429749,3
fork_join,Fork-join,14,16,1.0,0.0,1.0,3,heft,HEFT,87.787,104.9842,1.0,1.0,1.195896,17.1972,0.195896,0,1.0,,,0,0,173.7124,51.8146,28.9521,0.441237,6
fork_join,Fork-join,14,16,1.0,0.0,1.0,3,cdls,CD-LS,61.0588,61.0588,1.437745,1.719394,1.0,0.0,0.0,3,1.214286,3.357172,14.6418,0,0,22.8953,8.6297,7.6318,0.115636,3
fork_join,Fork-join,14,16,1.0,0.0,1.0,3,cad,Proposed CA-D,61.0588,61.0588,1.437745,1.719394,1.0,0.0,0.0,3,1.214286,3.357172,14.6418,3,16.5967,22.8953,8.6297,7.6318,0.115636,3
fork_join,Fork-join,14,16,1.0,0.0,1.0,4,heft,HEFT,104.3965,124.3758,1.0,1.0,1.191378,19.9792,0.191378,0,1.0,,,0,0,139.1025,62.2996,34.7756,0.441801,4
fork_join,Fork-join,14,16,1.0,0.0,1.0,4,cdls,CD-LS,85.5176,98.5798,1.22076,1.261676,1.152742,13.0622,0.152742,3,1.214286,1.221155,8.5987,0,0,35.2151,20.8136,11.7384,0.436024,3
fork_join,Fork-join,14,16,1.0,0.0,1.0,4,cad,Proposed CA-D,87.8938,87.8938,1.187758,1.415069,1.0,0.0,0.0,4,1.285714,1.452742,9.1205,3,22.7123,26.9863,12.5848,8.9954,0.285214,3
fork_join,Fork-join,14,16,1.0,0.0,1.0,5,heft,HEFT,101.6365,109.2211,1.0,1.0,1.074625,7.5847,0.074625,0,1.0,,,0,0,99.3922,50.7465,49.6961,0.020699,2
fork_join,Fork-join,14,16,1.0,0.0,1.0,5,cdls,CD-LS,75.8239,75.8239,1.340429,1.440459,1.0,0.0,0.0,3,1.214286,2.055474,11.1324,0,0,12.5243,7.5835,4.1748,0.44949,3
fork_join,Fork-join,14,16,1.0,0.0,1.0,5,cad,Proposed CA-D,75.8239,75.8239,1.340429,1.440459,1.0,0.0,0.0,3,1.214286,2.055474,11.1324,3,10.4241,12.5243,7.5835,4.1748,0.44949,3
fork_join,Fork-join,14,16,1.0,0.0,1.0,6,heft,HEFT,96.179,100.2992,1.0,1.0,1.042838,4.1202,0.042838,0,1.0,,,0,0,88.5365,28.4895,22.1341,0.223078,4
fork_join,Fork-join,14,16,1.0,0.0,1.0,6,cdls,CD-LS,82.1719,82.1719,1.170462,1.220602,1.0,0.0,0.0,3,1.214286,1.029478,6.0424,0,0,38.8993,14.53,12.9664,0.107607,3
fork_join,Fork-join,14,16,1.0,0.0,1.0,6,cad,Proposed CA-D,82.1719,82.1719,1.170462,1.220602,1.0,0.0,0.0,3,1.214286,1.029478,6.0424,3,28.4895,38.8993,14.53,12.9664,0.107607,3
fork_join,Fork-join,14,16,1.0,0.0,1.0,7,heft,HEFT,97.1188,108.4295,1.0,1.0,1.116463,11.3107,0.116463,0,1.0,,,0,0,115.0499,39.1712,19.175,0.510483,6
fork_join,Fork-join,14,16,1.0,0.0,1.0,7,cdls,CD-LS,75.0794,75.0794,1.293548,1.444198,1.0,0.0,0.0,3,1.214286,2.072925,11.1167,0,0,21.4733,13.2793,7.1578,0.460983,3
fork_join,Fork-join,14,16,1.0,0.0,1.0,7,cad,Proposed CA-D,75.0794,75.0794,1.293548,1.444198,1.0,0.0,0.0,3,1.214286,2.072925,11.1167,3,18.8345,21.4733,13.2793,7.1578,0.460983,3
fork_join,Fork-join,14,16,1.0,0.0,1.0,8,heft,HEFT,74.9701,91.6551,1.0,1.0,1.222555,16.685,0.222555,0,1.0,,,0,0,109.0153,28.7491,18.1692,0.368007,6
fork_join,Fork-join,14,16,1.0,0.0,1.0,8,cdls,CD-LS,65.3921,75.4952,1.146469,1.214052,1.154499,10.103,0.154499,3,1.214286,0.998908,5.3866,0,0,54.5131,26.2698,18.171,0.308292,3
fork_join,Fork-join,14,16,1.0,0.0,1.0,8,cad,Proposed CA-D,72.0016,72.0016,1.041228,1.272959,1.0,0.0,0.0,4,1.285714,0.955357,4.9134,3,29.2191,60.4117,29.2191,20.1372,0.31082,3
fork_join,Fork-join,14,16,1.0,0.0,1.0,9,heft,HEFT,97.3674,115.6488,1.0,1.0,1.187757,18.2814,0.187757,0,1.0,,,0,0,106.8867,34.3754,17.8145,0.481768,6
fork_join,Fork-join,14,16,1.0,0.0,1.0,9,cdls,CD-LS,87.8908,93.3219,1.107822,1.239245,1.061794,5.4311,0.061794,3,1.214286,1.116479,7.4423,0,0,32.4047,20.7499,10.8016,0.47944,3
fork_join,Fork-join,14,16,1.0,0.0,1.0,9,cad,Proposed CA-D,93.3219,93.3219,1.043349,1.239245,1.0,0.0,0.0,3,1.214286,1.116479,7.4423,3,20.7499,32.4047,20.7499,10.8016,0.47944,3
fork_join,Fork-join,14,16,5.0,0.0,1.0,0,heft,HEFT,157.9556,157.9556,1.0,1.0,1.0,0.0,0.0,0,1.0,,,0,0,87.9074,63.7856,43.9537,0.310915,2
fork_join,Fork-join,14,16,5.0,0.0,1.0,0,cdls,CD-LS,124.2588,154.8356,1.271182,1.02015,1.246073,30.5768,0.246073,4,1.285714,0.070526,0.78,0,0,181.4697,105.6806,60.4899,0.427616,3
fork_join,Fork-join,14,16,5.0,0.0,1.0,0,cad,Proposed CA-D,117.7038,117.7038,1.341975,1.341975,1.0,0.0,0.0,6,1.428571,0.797942,6.7086,3,73.1489,116.4063,73.1489,38.8021,0.469546,3
fork_join,Fork-join,14,16,5.0,0.0,1.0,1,heft,HEFT,228.4363,228.4363,1.0,1.0,1.0,0.0,0.0,0,1.0,,,0,0,138.7963,102.1374,69.3981,0.320542,2
fork_join,Fork-join,14,16,5.0,0.0,1.0,1,cdls,CD-LS,124.2859,202.5278,1.837991,1.127926,1.629532,78.2419,0.629532,5,1.357143,0.358192,5.1817,0,0,323.2555,143.6492,107.7518,0.249896,3
fork_join,Fork-join,14,16,5.0,0.0,1.0,1,cad,Proposed CA-D,120.9326,120.9326,1.888956,1.888956,1.0,0.0,0.0,6,1.428571,2.07423,17.9173,3,117.0305,146.7511,61.6335,48.917,0.206325,3
fork_join,Fork-join,14,16,5.0,0.0,1.0,2,heft,HEFT,133.1441,133.1441,1.0,1.0,1.0,0.0,0.0,0,1.0,,,0,0,76.1109,41.0057,38.0555,0.071947,2
fork_join,Fork-join,14,16,5.0,0.0,1.0,2,cdls,CD-LS,98.4788,153.4036,1.352007,0.867933,1.557732,54.9248,0.557732,3,1.214286,-0.616312,-6.7532,0,0,164.6023,96.3704,54.8674,0.430661,3
fork_join,Fork-join,14,16,5.0,0.0,1.0,2,cad,Proposed CA-D,98.4788,98.4788,1.352007,1.352007,1.0,0.0,0.0,6,1.428571,0.82135,5.7775,2,61.2652,61.2652,44.7019,30.6326,0.314736,2
fork_join,Fork-join,14,16,5.0,0.0,1.0,3,heft,HEFT,160.9851,226.2079,1.0,1.0,1.405148,65.2228,0.405148,0,1.0,,,0,0,93.4633,93.4633,93.4633,0.0,1
fork_join,Fork-join,14,16,5.0,0.0,1.0,3,cdls,CD-LS,81.6745,99.2256,1.971058,2.279734,1.214891,17.5511,0.214891,4,1.285714,4.479069,31.7456,0,0,77.4787,50.3149,25.8262,0.486708,3
fork_join,Fork-join,14,16,5.0,0.0,1.0,3,cad,Proposed CA-D,91.7606,91.7606,1.754404,2.465198,1.0,0.0,0.0,7,1.5,2.930395,19.2068,2,18.8218,45.9856,18.8218,15.3285,0.185597,3
fork_join,Fork-join,14,16,5.0,0.0,1.0,4,heft,HEFT,197.2918,197.2918,1.0,1.0,1.0,0.0,0.0,0,1.0,,,0,0,0.0,0.0,0.0,0.0,0
fork_join,Fork-join,14,16,5.0,0.0,1.0,4,cdls,CD-LS,127.6843,165.163,1.545153,1.194528,1.293527,37.4787,0.293527,4,1.285714,0.680847,8.0322,0,0,175.498,103.4906,58.4993,0.434737,3
fork_join,Fork-join,14,16,5.0,0.0,1.0,4,cad,Proposed CA-D,128.2617,128.2617,1.538198,1.538198,1.0,0.0,0.0,5,1.357143,1.506953,13.806,3,100.0407,125.2818,78.6712,41.7606,0.469175,3
fork_join,Fork-join,14,16,5.0,0.0,1.0,5,heft,HEFT,169.736,169.736,1.0,1.0,1.0,0.0,0.0,0,1.0,,,0,0,0.0,0.0,0.0,0.0,0
fork_join,Fork-join,14,16,5.0,0.0,1.0,5,cdls,CD-LS,89.7505,94.6666,1.891197,1.792987,1.054775,4.9161,0.054775,4,1.285714,2.775454,18.7673,0,0,52.834,28.1298,17.6113,0.373925,3
fork_join,Fork-join,14,16,5.0,0.0,1.0,5,cad,Proposed CA-D,94.6666,94.6666,1.792987,1.792987,1.0,0.0,0.0,4,1.285714,2.775454,18.7673,3,38.6309,52.834,28.1298,17.6113,0.373925,3
fork_join,Fork-join,14,16,5.0,0.0,1.0,6,heft,HEFT,191.686,243.7352,1.0,1.0,1.271533,52.0491,0.271533,0,1.0,,,0,0,165.0007,165.0007,165.0007,0.0,1
fork_join,Fork-join,14,16,5.0,0.0,1.0,6,cdls,CD-LS,110.2814,128.6916,1.738153,1.893948,1.166938,18.4101,0.166938,5,1.357143,2.503055,23.0087,0,0,149.2287,72.4088,49.7429,0.313027,3
fork_join,Fork-join,14,16,5.0,0.0,1.0,6,cad,Proposed CA-D,113.4654,113.4654,1.689379,2.148102,1.0,0.0,0.0,7,1.5,2.296204,18.61,2,80.1587,80.1587,52.0491,40.0794,0.229971,2
fork_join,Fork-join,14,16,5.0,0.0,1.0,7,heft,HEFT,159.212,195.3661,1.0,1.0,1.227082,36.1541,0.227082,0,1.0,,,0,0,219.7704,150.023,73.2568,0.511696,3
fork_join,Fork-join,14,16,5.0,0.0,1.0,7,cdls,CD-LS,106.8001,150.5028,1.490748,1.29809,1.409201,43.7027,0.409201,3,1.214286,1.391086,14.9544,0,0,147.3751,80.9786,49.125,0.393358,3
fork_join,Fork-join,14,16,5.0,0.0,1.0,7,cad,Proposed CA-D,99.891,99.891,1.593857,1.955793,1.0,0.0,0.0,6,1.428571,2.230184,15.9125,2,40.97,40.97,27.776,20.485,0.262494,2
fork_join,Fork-join,14,16,5.0,0.0,1.0,8,heft,HEFT,155.4198,200.7704,1.0,1.0,1.291795,45.3507,0.291795,0,1.0,,,0,0,137.1747,80.8339,68.5873,0.151503,2
fork_join,Fork-join,14,16,5.0,0.0,1.0,8,cdls,CD-LS,93.7787,189.6445,1.657303,1.058667,2.022256,95.8658,1.022256,3,1.214286,0.27378,3.7086,0,0,257.5336,131.349,85.8445,0.34644,3
fork_join,Fork-join,14,16,5.0,0.0,1.0,8,cad,Proposed CA-D,104.7135,104.7135,1.484238,1.91733,1.0,0.0,0.0,6,1.428571,2.140437,16.0095,2,95.8658,95.8658,50.5152,47.9329,0.051118,2
fork_join,Fork-join,14,16,5.0,0.0,1.0,9,heft,HEFT,186.9702,186.9702,1.0,1.0,1.0,0.0,0.0,0,1.0,,,0,0,0.0,0.0,0.0,0.0,0
fork_join,Fork-join,14,16,5.0,0.0,1.0,9,cdls,CD-LS,131.487,164.5074,1.421968,1.136546,1.251131,33.0204,0.251131,3,1.214286,0.637215,7.4876,0,0,175.9949,103.7494,58.665,0.434551,3
fork_join,Fork-join,14,16,5.0,0.0,1.0,9,cad,Proposed CA-D,123.6219,123.6219,1.512436,1.512436,1.0,0.0,0.0,6,1.428571,1.195685,10.5581,2,43.5065,115.7521,43.5065,38.584,0.113144,3
out_tree,Out-tree,7,6,1.0,1.0,1.0,0,heft,HEFT,62.0067,62.0067,1.0,1.0,1.0,0.0,0.0,0,1.0,,,0,0,38.6172,20.4148,19.3086,0.054187,2
out_tree,Out-tree,7,6,1.0,1.0,1.0,0,cdls,CD-LS,47.419,47.419,1.307634,1.307634,1.0,0.0,0.0,3,1.428571,0.717813,4.8626,0,0,29.7502,16.5998,14.8751,0.103898,2
out_tree,Out-tree,7,6,1.0,1.0,1.0,0,cad,Proposed CA-D,40.8003,40.8003,1.519762,1.519762,1.0,0.0,0.0,5,1.714286,0.727666,4.2413,0,0,0.0,0.0,0.0,0.0,0
out_tree,Out-tree,7,6,1.0,1.0,1.0,1,heft,HEFT,68.1642,73.2624,1.0,1.0,1.074792,5.0982,0.074792,0,1.0,,,0,0,31.6506,31.6506,31.6506,0.0,1
out_tree,Out-tree,7,6,1.0,1.0,1.0,1,cdls,CD-LS,57.9886,57.9886,1.175476,1.263392,1.0,0.0,0.0,2,1.285714,0.921873,7.6369,0,0,16.3769,16.3769,16.3769,0.0,1
out_tree,Out-tree,7,6,1.0,1.0,1.0,1,cad,Proposed CA-D,51.164,51.164,1.332268,1.431912,1.0,0.0,0.0,5,1.714286,0.604676,4.4197,0,0,0.0,0.0,0.0,0.0,0
out_tree,Out-tree,7,6,1.0,1.0,1.0,2,heft,HEFT,59.3619,59.3619,1.0,1.0,1.0,0.0,0.0,0,1.0,,,0,0,43.077,22.8941,21.5385,0.05921,2
out_tree,Out-tree,7,6,1.0,1.0,1.0,2,cdls,CD-LS,45.9546,45.9546,1.291749,1.291749,1.0,0.0,0.0,3,1.428571,0.680748,4.4691,0,0,17.7349,11.9986,8.8674,0.260959,2
out_tree,Out-tree,7,6,1.0,1.0,1.0,2,cad,Proposed CA-D,42.066,42.066,1.411161,1.411161,1.0,0.0,0.0,5,1.714286,0.575625,3.4592,0,0,0.0,0.0,0.0,0.0,0
out_tree,Out-tree,7,6,1.0,1.0,1.0,3,heft,HEFT,46.9865,46.9865,1.0,1.0,1.0,0.0,0.0,0,1.0,,,0,0,21.42,13.6171,10.71,0.213491,2
out_tree,Out-tree,7,6,1.0,1.0,1.0,3,cdls,CD-LS,46.9865,46.9865,1.0,1.0,1.0,0.0,0.0,2,1.285714,0.0,0.0,0,0,7.8029,7.8029,7.8029,0.0,1
out_tree,Out-tree,7,6,1.0,1.0,1.0,3,cad,Proposed CA-D,35.4896,35.4896,1.323951,1.323951,1.0,0.0,0.0,5,1.714286,0.453532,2.2994,0,0,0.0,0.0,0.0,0.0,0
out_tree,Out-tree,7,6,1.0,1.0,1.0,4,heft,HEFT,77.494,88.7298,1.0,1.0,1.14499,11.2358,0.14499,0,1.0,,,0,0,58.1909,42.8037,29.0955,0.320258,2
out_tree,Out-tree,7,6,1.0,1.0,1.0,4,cdls,CD-LS,64.824,64.824,1.195451,1.368779,1.0,0.0,0.0,2,1.285714,1.290727,11.9529,0,0,23.3731,15.3872,11.6866,0.240503,2
out_tree,Out-tree,7,6,1.0,1.0,1.0,4,cad,Proposed CA-D,55.818,55.818,1.388332,1.589626,1.0,0.0,0.0,5,1.714286,0.825477,6.5824,0,0,0.0,0.0,0.0,0.0,0
out_tree,Out-tree,7,6,1.0,1.0,1.0,5,heft,HEFT,61.7884,61.7884,1.0,1.0,1.0,0.0,0.0,0,1.0,,,0,0,37.547,27.1377,18.7735,0.308212,2
out_tree,Out-tree,7,6,1.0,1.0,1.0,5,cdls,CD-LS,45.9078,45.9078,1.345925,1.345925,1.0,0.0,0.0,3,1.428571,0.807158,5.2935,0,0,10.6099,5.3523,5.3049,0.008857,2
out_tree,Out-tree,7,6,1.0,1.0,1.0,5,cad,Proposed CA-D,43.4812,43.4812,1.421039,1.421039,1.0,0.0,0.0,5,1.714286,0.589454,3.6615,0,0,0.0,0.0,0.0,0.0,0
out_tree,Out-tree,7,6,1.0,1.0,1.0,6,heft,HEFT,68.0606,68.0606,1.0,1.0,1.0,0.0,0.0,0,1.0,,,0,0,14.2535,9.1006,7.1268,0.216892,2
out_tree,Out-tree,7,6,1.0,1.0,1.0,6,cdls,CD-LS,53.2147,53.2147,1.278981,1.278981,1.0,0.0,0.0,1,1.142857,1.952866,14.8459,0,0,9.1006,9.1006,9.1006,0.0,1
out_tree,Out-tree,7,6,1.0,1.0,1.0,6,cad,Proposed CA-D,43.0332,43.0332,1.581582,1.581582,1.0,0.0,0.0,5,1.714286,0.814215,5.0055,0,0,0.0,0.0,0.0,0.0,0
out_tree,Out-tree,7,6,1.0,1.0,1.0,7,heft,HEFT,67.3505,67.3505,1.0,1.0,1.0,0.0,0.0,0,1.0,,,0,0,21.0568,10.8255,10.5284,0.027443,2
out_tree,Out-tree,7,6,1.0,1.0,1.0,7,cdls,CD-LS,50.7152,50.7152,1.328014,1.328014,1.0,0.0,0.0,1,1.142857,2.296095,16.6353,0,0,10.2313,10.2313,10.2313,0.0,1
out_tree,Out-tree,7,6,1.0,1.0,1.0,7,cad,Proposed CA-D,49.115,49.115,1.371282,1.371282,1.0,0.0,0.0,5,1.714286,0.519794,3.6471,0,0,0.0,0.0,0.0,0.0,0
out_tree,Out-tree,7,6,1.0,1.0,1.0,8,heft,HEFT,64.5904,64.5904,1.0,1.0,1.0,0.0,0.0,0,1.0,,,0,0,10.1442,10.1442,10.1442,0.0,1
out_tree,Out-tree,7,6,1.0,1.0,1.0,8,cdls,CD-LS,56.3226,56.3226,1.146793,1.146793,1.0,0.0,0.0,4,1.571429,0.256888,2.0669,0,0,20.2883,10.1442,10.1442,0.0,2
out_tree,Out-tree,7,6,1.0,1.0,1.0,8,cad,Proposed CA-D,47.7622,47.7622,1.352334,1.352334,1.0,0.0,0.0,5,1.714286,0.493267,3.3656,0,0,0.0,0.0,0.0,0.0,0
out_tree,Out-tree,7,6,1.0,1.0,1.0,9,heft,HEFT,69.3732,69.3732,1.0,1.0,1.0,0.0,0.0,0,1.0,,,0,0,39.0656,26.2761,13.0219,0.504421,3
out_tree,Out-tree,7,6,1.0,1.0,1.0,9,cdls,CD-LS,69.3732,69.3732,1.0,1.0,1.0,0.0,0.0,1,1.142857,0.0,0.0,0,0,56.4799,26.2761,18.8266,0.283507,3
out_tree,Out-tree,7,6,1.0,1.0,1.0,9,cad,Proposed CA-D,50.8317,50.8317,1.364764,1.364764,1.0,0.0,0.0,5,1.714286,0.51067,3.7083,0,0,0.0,0.0,0.0,0.0,0
out_tree,Out-tree,7,6,5.0,1.0,1.0,0,heft,HEFT,84.4537,84.4537,1.0,1.0,1.0,0.0,0.0,0,1.0,,,0,0,0.0,0.0,0.0,0.0,0
out_tree,Out-tree,7,6,5.0,1.0,1.0,0,cdls,CD-LS,52.9599,52.9599,1.594672,1.594672,1.0,0.0,0.0,1,1.142857,4.162704,31.4938,0,0,0.0,0.0,0.0,0.0,0
out_tree,Out-tree,7,6,5.0,1.0,1.0,0,cad,Proposed CA-D,40.8003,40.8003,2.069929,2.069929,1.0,0.0,0.0,5,1.714286,1.4979,8.7307,0,0,0.0,0.0,0.0,0.0,0
out_tree,Out-tree,7,6,5.0,1.0,1.0,1,heft,HEFT,96.7693,96.7693,1.0,1.0,1.0,0.0,0.0,0,1.0,,,0,0,0.0,0.0,0.0,0.0,0
out_tree,Out-tree,7,6,5.0,1.0,1.0,1,cdls,CD-LS,60.8415,60.8415,1.590515,1.590515,1.0,0.0,0.0,1,1.142857,4.133607,35.9278,0,0,0.0,0.0,0.0,0.0,0
out_tree,Out-tree,7,6,5.0,1.0,1.0,1,cad,Proposed CA-D,51.164,51.164,1.891355,1.891355,1.0,0.0,0.0,5,1.714286,1.247897,9.1211,0,0,0.0,0.0,0.0,0.0,0
out_tree,Out-tree,7,6,5.0,1.0,1.0,2,heft,HEFT,79.7421,79.7421,1.0,1.0,1.0,0.0,0.0,0,1.0,,,0,0,0.0,0.0,0.0,0.0,0
out_tree,Out-tree,7,6,5.0,1.0,1.0,2,cdls,CD-LS,49.8845,49.8845,1.598535,1.598535,1.0,0.0,0.0,1,1.142857,4.189745,29.8576,0,0,0.0,0.0,0.0,0.0,0
out_tree,Out-tree,7,6,5.0,1.0,1.0,2,cad,Proposed CA-D,42.066,42.066,1.895644,1.895644,1.0,0.0,0.0,5,1.714286,1.253901,7.5352,0,0,0.0,0.0,0.0,0.0,0
out_tree,Out-tree,7,6,5.0,1.0,1.0,3,heft,HEFT,75.683,75.683,1.0,1.0,1.0,0.0,0.0,0,1.0,,,0,0,0.0,0.0,0.0,0.0,0
out_tree,Out-tree,7,6,5.0,1.0,1.0,3,cdls,CD-LS,46.9865,46.9865,1.610739,1.610739,1.0,0.0,0.0,1,1.142857,4.275175,28.6965,0,0,0.0,0.0,0.0,0.0,0
out_tree,Out-tree,7,6,5.0,1.0,1.0,3,cad,Proposed CA-D,35.4896,35.4896,2.13254,2.13254,1.0,0.0,0.0,5,1.714286,1.585556,8.0387,0,0,0.0,0.0,0.0,0.0,0
out_tree,Out-tree,7,6,5.0,1.0,1.0,4,heft,HEFT,99.4581,99.4581,1.0,1.0,1.0,0.0,0.0,0,1.0,,,0,0,0.0,0.0,0.0,0.0,0
out_tree,Out-tree,7,6,5.0,1.0,1.0,4,cdls,CD-LS,66.4653,66.4653,1.496391,1.496391,1.0,0.0,0.0,1,1.142857,3.474738,32.9928,0,0,0.0,0.0,0.0,0.0,0
out_tree,Out-tree,7,6,5.0,1.0,1.0,4,cad,Proposed CA-D,55.818,55.818,1.781828,1.781828,1.0,0.0,0.0,5,1.714286,1.094559,8.728,0,0,0.0,0.0,0.0,0.0,0
out_tree,Out-tree,7,6,5.0,1.0,1.0,5,heft,HEFT,83.8977,83.8977,1.0,1.0,1.0,0.0,0.0,0,1.0,,,0,0,0.0,0.0,0.0,0.0,0
out_tree,Out-tree,7,6,5.0,1.0,1.0,5,cdls,CD-LS,51.6826,51.6826,1.623326,1.623326,1.0,0.0,0.0,1,1.142857,4.363283,32.2151,0,0,0.0,0.0,0.0,0.0,0
out_tree,Out-tree,7,6,5.0,1.0,1.0,5,cad,Proposed CA-D,43.4812,43.4812,1.929517,1.929517,1.0,0.0,0.0,5,1.714286,1.301323,8.0833,0,0,0.0,0.0,0.0,0.0,0
out_tree,Out-tree,7,6,5.0,1.0,1.0,6,heft,HEFT,78.678,78.678,1.0,1.0,1.0,0.0,0.0,0,1.0,,,0,0,21.7646,21.7646,21.7646,0.0,1
out_tree,Out-tree,7,6,5.0,1.0,1.0,6,cdls,CD-LS,53.6507,53.6507,1.466487,1.466487,1.0,0.0,0.0,1,1.142857,3.265412,25.0274,0,0,0.0,0.0,0.0,0.0,0
out_tree,Out-tree,7,6,5.0,1.0,1.0,6,cad,Proposed CA-D,43.0332,43.0332,1.828309,1.828309,1.0,0.0,0.0,5,1.714286,1.159633,7.129,0,0,0.0,0.0,0.0,0.0,0
out_tree,Out-tree,7,6,5.0,1.0,1.0,7,heft,HEFT,90.5328,90.5328,1.0,1.0,1.0,0.0,0.0,0,1.0,,,0,0,0.0,0.0,0.0,0.0,0
out_tree,Out-tree,7,6,5.0,1.0,1.0,7,cdls,CD-LS,54.194,54.194,1.670532,1.670532,1.0,0.0,0.0,1,1.142857,4.693724,36.3388,0,0,0.0,0.0,0.0,0.0,0
out_tree,Out-tree,7,6,5.0,1.0,1.0,7,cad,Proposed CA-D,49.115,49.115,1.843282,1.843282,1.0,0.0,0.0,5,1.714286,1.180594,8.2836,0,0,0.0,0.0,0.0,0.0,0
out_tree,Out-tree,7,6,5.0,1.0,1.0,8,heft,HEFT,96.8056,96.8056,1.0,1.0,1.0,0.0,0.0,0,1.0,,,0,0,0.0,0.0,0.0,0.0,0
out_tree,Out-tree,7,6,5.0,1.0,1.0,8,cdls,CD-LS,68.4091,68.4091,1.415098,1.415098,1.0,0.0,0.0,3,1.428571,0.968561,9.4655,0,0,0.0,0.0,0.0,0.0,0
out_tree,Out-tree,7,6,5.0,1.0,1.0,8,cad,Proposed CA-D,47.7622,47.7622,2.026825,2.026825,1.0,0.0,0.0,5,1.714286,1.437555,9.8087,0,0,0.0,0.0,0.0,0.0,0
out_tree,Out-tree,7,6,5.0,1.0,1.0,9,heft,HEFT,110.444,110.444,1.0,1.0,1.0,0.0,0.0,0,1.0,,,0,0,0.0,0.0,0.0,0.0,0
out_tree,Out-tree,7,6,5.0,1.0,1.0,9,cdls,CD-LS,75.9721,75.9721,1.453743,1.453743,1.0,0.0,0.0,3,1.428571,1.058734,11.4906,0,0,0.0,0.0,0.0,0.0,0
out_tree,Out-tree,7,6,5.0,1.0,1.0,9,cad,Proposed CA-D,50.8317,50.8317,2.172739,2.172739,1.0,0.0,0.0,5,1.714286,1.641835,11.9225,0,0,0.0,0.0,0.0,0.0,0
fork_join,Fork-join,14,16,1.0,1.0,1.0,0,heft,HEFT,87.8267,107.8939,1.0,1.0,1.228485,20.0671,0.228485,0,1.0,,,0,0,115.3987,45.6278,23.0797,0.494174,5
fork_join,Fork-join,14,16,1.0,1.0,1.0,0,cdls,CD-LS,83.8053,83.8053,1.047986,1.287436,1.0,0.0,0.0,4,1.285714,1.006025,6.0222,0,0,31.7725,18.1028,10.5908,0.414962,3
fork_join,Fork-join,14,16,1.0,1.0,1.0,0,cad,Proposed CA-D,83.8053,83.8053,1.047986,1.287436,1.0,0.0,0.0,4,1.285714,1.006025,6.0222,3,27.4268,31.7725,18.1028,10.5908,0.414962,3
fork_join,Fork-join,14,16,1.0,1.0,1.0,1,heft,HEFT,109.3166,109.3166,1.0,1.0,1.0,0.0,0.0,0,1.0,,,0,0,115.3301,34.4234,19.2217,0.441609,6
fork_join,Fork-join,14,16,1.0,1.0,1.0,1,cdls,CD-LS,89.5784,103.9052,1.220345,1.05208,1.159935,14.3267,0.159935,4,1.285714,0.182281,1.3529,0,0,56.4205,35.9585,18.8068,0.476985,3
fork_join,Fork-join,14,16,1.0,1.0,1.0,1,cad,Proposed CA-D,91.2521,91.2521,1.197963,1.197963,1.0,0.0,0.0,4,1.285714,0.69287,4.5161,3,43.8105,66.238,30.4838,22.0793,0.275703,3
fork_join,Fork-join,14,16,1.0,1.0,1.0,2,heft,HEFT,82.9778,82.9778,1.0,1.0,1.0,0.0,0.0,0,1.0,,,0,0,71.9832,31.4151,11.9972,0.618107,6
fork_join,Fork-join,14,16,1.0,1.0,1.0,2,cdls,CD-LS,66.0542,82.3072,1.256208,1.008147,1.246056,16.253,0.246056,3,1.214286,0.038021,0.2235,0,0,46.9205,25.2741,15.6402,0.381178,3
fork_join,Fork-join,14,16,1.0,1.0,1.0,2,cad,Proposed CA-D,75.9946,75.9946,1.091891,1.091891,1.0,0.0,0.0,4,1.285714,0.32162,1.7458,3,25.315,47.0432,25.315,15.6811,0.380562,3
fork_join,Fork-join,14,16,1.0,1.0,1.0,3,heft,HEFT,88.5997,88.5997,1.0,1.0,1.0,0.0,0.0,0,1.0,,,0,0,110.9887,42.6677,15.8555,0.628396,7
fork_join,Fork-join,14,16,1.0,1.0,1.0,3,cdls,CD-LS,62.0588,62.0588,1.427673,1.427673,1.0,0.0,0.0,3,1.214286,1.995808,8.847,0,0,28.8953,10.967,9.6318,0.121751,3
fork_join,Fork-join,14,16,1.0,1.0,1.0,3,cad,Proposed CA-D,62.0588,62.0588,1.427673,1.427673,1.0,0.0,0.0,3,1.214286,1.995808,8.847,3,20.5967,28.8953,10.967,9.6318,0.121751,3
fork_join,Fork-join,14,16,1.0,1.0,1.0,4,heft,HEFT,113.7306,113.7306,1.0,1.0,1.0,0.0,0.0,0,1.0,,,0,0,86.8828,34.2118,21.7207,0.365111,4
fork_join,Fork-join,14,16,1.0,1.0,1.0,4,cdls,CD-LS,86.5176,104.5798,1.314537,1.087501,1.208769,18.0622,0.208769,3,1.214286,0.408339,3.0503,0,0,49.2151,26.8136,16.405,0.388182,3
fork_join,Fork-join,14,16,1.0,1.0,1.0,4,cad,Proposed CA-D,89.7692,89.7692,1.266923,1.266923,1.0,0.0,0.0,4,1.285714,0.93423,5.9904,3,30.596,36.8699,15.3329,12.29,0.198459,3
fork_join,Fork-join,14,16,1.0,1.0,1.0,5,heft,HEFT,108.6661,111.9037,1.0,1.0,1.029794,3.2376,0.029794,0,1.0,,,0,0,78.8848,25.6363,13.1475,0.487155,6
fork_join,Fork-join,14,16,1.0,1.0,1.0,5,cdls,CD-LS,75.8239,78.6694,1.433138,1.422454,1.037529,2.8456,0.037529,3,1.214286,1.971454,11.0781,0,0,18.5243,10.5835,6.1748,0.416564,3
fork_join,Fork-join,14,16,1.0,1.0,1.0,5,cad,Proposed CA-D,78.6694,78.6694,1.3813,1.422454,1.0,0.0,0.0,3,1.214286,1.971454,11.0781,3,14.4241,18.5243,10.5835,6.1748,0.416564,3
fork_join,Fork-join,14,16,1.0,1.0,1.0,6,heft,HEFT,98.179,104.2992,1.0,1.0,1.062337,6.1202,0.062337,0,1.0,,,0,0,82.1059,23.1718,13.6843,0.409442,6
fork_join,Fork-join,14,16,1.0,1.0,1.0,6,cdls,CD-LS,82.1719,82.2768,1.194801,1.267663,1.001277,0.1049,0.001277,3,1.214286,1.249092,7.3408,0,0,44.8993,17.53,14.9664,0.146237,3
fork_join,Fork-join,14,16,1.0,1.0,1.0,6,cad,Proposed CA-D,82.2768,82.2768,1.193278,1.267663,1.0,0.0,0.0,3,1.214286,1.249092,7.3408,3,32.4895,44.8993,17.53,14.9664,0.146237,3
fork_join,Fork-join,14,16,1.0,1.0,1.0,7,heft,HEFT,101.1188,102.1995,1.0,1.0,1.010687,1.0807,0.010687,0,1.0,,,0,0,96.1461,29.8605,16.0243,0.46336,6
fork_join,Fork-join,14,16,1.0,1.0,1.0,7,cdls,CD-LS,76.0794,76.0794,1.329122,1.343327,1.0,0.0,0.0,3,1.214286,1.602191,8.7067,0,0,27.4733,16.2793,9.1578,0.43746,3
fork_join,Fork-join,14,16,1.0,1.0,1.0,7,cad,Proposed CA-D,76.0794,76.0794,1.329122,1.343327,1.0,0.0,0.0,3,1.214286,1.602191,8.7067,3,22.8345,27.4733,16.2793,9.1578,0.43746,3
fork_join,Fork-join,14,16,1.0,1.0,1.0,8,heft,HEFT,76.9701,85.552,1.0,1.0,1.111497,8.582,0.111497,0,1.0,,,0,0,82.671,19.1668,13.7785,0.281126,6
fork_join,Fork-join,14,16,1.0,1.0,1.0,8,cdls,CD-LS,66.3921,78.4623,1.159325,1.090359,1.181801,12.0701,0.181801,3,1.214286,0.421674,2.3632,0,0,68.5131,32.2698,22.8377,0.292289,3
fork_join,Fork-join,14,16,1.0,1.0,1.0,8,cad,Proposed CA-D,76.4151,76.4151,1.007263,1.11957,1.0,0.0,0.0,4,1.285714,0.418494,2.2842,3,28.448,57.0478,28.448,19.0159,0.331556,3
fork_join,Fork-join,14,16,1.0,1.0,1.0,9,heft,HEFT,99.3674,99.3674,1.0,1.0,1.0,0.0,0.0,0,1.0,,,0,0,82.0851,21.2814,13.6808,0.357145,6
fork_join,Fork-join,14,16,1.0,1.0,1.0,9,cdls,CD-LS,87.8908,96.3219,1.130578,1.031617,1.095927,8.4311,0.095927,3,1.214286,0.147548,1.0151,0,0,46.4047,26.7499,15.4682,0.421746,3
fork_join,Fork-join,14,16,1.0,1.0,1.0,9,cad,Proposed CA-D,96.3219,96.3219,1.031617,1.031617,1.0,0.0,0.0,3,1.214286,0.147548,1.0151,3,26.7499,46.4047,26.7499,15.4682,0.421746,3
fork_join,Fork-join,14,16,5.0,1.0,1.0,0,heft,HEFT,159.9556,204.4143,1.0,1.0,1.277944,44.4587,0.277944,0,1.0,,,0,0,138.1929,77.5141,69.0964,0.108595,2
fork_join,Fork-join,14,16,5.0,1.0,1.0,0,cdls,CD-LS,126.2588,157.8356,1.266886,1.295109,1.250096,31.5768,0.250096,4,1.285714,1.032881,11.6447,0,0,187.4697,108.6806,62.4899,0.425013,3
fork_join,Fork-join,14,16,5.0,1.0,1.0,0,cad,Proposed CA-D,120.7038,120.7038,1.325191,1.69352,1.0,0.0,0.0,6,1.428571,1.618213,13.9517,3,79.1489,130.4063,79.1489,43.4688,0.450797,3
fork_join,Fork-join,14,16,5.0,1.0,1.0,1,heft,HEFT,230.4363,230.4363,1.0,1.0,1.0,0.0,0.0,0,1.0,,,0,0,140.7963,103.1374,70.3981,0.317434,2
fork_join,Fork-join,14,16,5.0,1.0,1.0,1,cdls,CD-LS,126.2859,208.5278,1.824719,1.105063,1.651236,82.2419,0.651236,5,1.357143,0.294175,4.3817,0,0,337.2555,149.6492,112.4185,0.248787,3
fork_join,Fork-join,14,16,5.0,1.0,1.0,1,cad,Proposed CA-D,121.9326,121.9326,1.889867,1.889867,1.0,0.0,0.0,6,1.428571,2.076355,18.084,3,121.0305,152.7511,62.6335,50.917,0.187065,3
fork_join,Fork-join,14,16,5.0,1.0,1.0,2,heft,HEFT,135.1441,135.1441,1.0,1.0,1.0,0.0,0.0,0,1.0,,,0,0,78.1109,42.0057,39.0555,0.070234,2
fork_join,Fork-join,14,16,5.0,1.0,1.0,2,cdls,CD-LS,99.4788,159.4036,1.358521,0.847811,1.602387,59.9248,0.602387,3,1.214286,-0.710217,-8.0865,0,0,178.6023,102.3704,59.5341,0.418445,3
fork_join,Fork-join,14,16,5.0,1.0,1.0,2,cad,Proposed CA-D,99.4788,99.4788,1.358521,1.358521,1.0,0.0,0.0,6,1.428571,0.836549,5.9442,2,63.2652,63.2652,45.7019,31.6326,0.30785,2
fork_join,Fork-join,14,16,5.0,1.0,1.0,3,heft,HEFT,161.9851,229.2079,1.0,1.0,1.414994,67.2228,0.414994,0,1.0,,,0,0,97.4633,97.4633,97.4633,0.0,1
fork_join,Fork-join,14,16,5.0,1.0,1.0,3,cdls,CD-LS,82.6745,103.2256,1.959312,2.220457,1.248579,20.5511,0.248579,4,1.285714,4.271599,31.4956,0,0,91.4787,56.3149,30.4929,0.458529,3
fork_join,Fork-join,14,16,5.0,1.0,1.0,3,cad,Proposed CA-D,91.7606,91.7606,1.765302,2.497891,1.0,0.0,0.0,7,1.5,2.995783,19.6353,2,23.8218,58.9856,23.8218,19.6619,0.174627,3
fork_join,Fork-join,14,16,5.0,1.0,1.0,4,heft,HEFT,197.2918,197.2918,1.0,1.0,1.0,0.0,0.0,0,1.0,,,0,0,0.0,0.0,0.0,0.0,0
fork_join,Fork-join,14,16,5.0,1.0,1.0,4,cdls,CD-LS,128.6843,171.163,1.533146,1.152654,1.3301,42.4787,0.3301,4,1.285714,0.53429,6.5322,0,0,189.498,109.4906,63.166,0.423092,3
fork_join,Fork-join,14,16,5.0,1.0,1.0,4,cad,Proposed CA-D,130.3211,130.3211,1.51389,1.51389,1.0,0.0,0.0,5,1.357143,1.438892,13.3941,3,104.0407,131.2818,81.6712,43.7606,0.464185,3
fork_join,Fork-join,14,16,5.0,1.0,1.0,5,heft,HEFT,169.736,169.736,1.0,1.0,1.0,0.0,0.0,0,1.0,,,0,0,0.0,0.0,0.0,0.0,0
fork_join,Fork-join,14,16,5.0,1.0,1.0,5,cdls,CD-LS,90.7505,97.6666,1.870358,1.737912,1.07621,6.9161,0.07621,4,1.285714,2.582693,18.0173,0,0,58.834,31.1298,19.6113,0.370014,3
fork_join,Fork-join,14,16,5.0,1.0,1.0,5,cad,Proposed CA-D,97.6666,97.6666,1.737912,1.737912,1.0,0.0,0.0,4,1.285714,2.582693,18.0173,3,42.6309,58.834,31.1298,19.6113,0.370014,3
fork_join,Fork-join,14,16,5.0,1.0,1.0,6,heft,HEFT,206.1853,206.1853,1.0,1.0,1.0,0.0,0.0,0,1.0,,,0,0,87.603,58.4934,43.8015,0.251172,2
fork_join,Fork-join,14,16,5.0,1.0,1.0,6,cdls,CD-LS,113.2814,134.6916,1.820116,1.530796,1.188999,21.4101,0.188999,5,1.357143,1.48623,14.2988,0,0,163.2287,78.4088,54.4096,0.306078,3
fork_join,Fork-join,14,16,5.0,1.0,1.0,6,cad,Proposed CA-D,114.4654,114.4654,1.80129,1.80129,1.0,0.0,0.0,7,1.5,1.602581,13.1029,2,82.1587,82.1587,53.0491,41.0794,0.225636,2
fork_join,Fork-join,14,16,5.0,1.0,1.0,7,heft,HEFT,160.212,212.56,1.0,1.0,1.326743,52.3481,0.326743,0,1.0,,,0,0,184.4109,111.6634,61.4703,0.449504,3
fork_join,Fork-join,14,16,5.0,1.0,1.0,7,cdls,CD-LS,108.8001,153.5028,1.472536,1.384731,1.41087,44.7027,0.41087,3,1.214286,1.795411,19.6858,0,0,153.3751,83.9786,51.125,0.391214,3
fork_join,Fork-join,14,16,5.0,1.0,1.0,7,cad,Proposed CA-D,99.891,99.891,1.603868,2.12792,1.0,0.0,0.0,6,1.428571,2.631814,18.7782,2,42.97,42.97,28.776,21.485,0.253372,2
fork_join,Fork-join,14,16,5.0,1.0,1.0,8,heft,HEFT,157.4198,203.7704,1.0,1.0,1.29444,46.3507,0.29444,0,1.0,,,0,0,141.1747,82.8339,70.5873,0.147845,2
fork_join,Fork-join,14,16,5.0,1.0,1.0,8,cdls,CD-LS,95.7787,195.6445,1.643578,1.041534,2.042672,99.8658,1.042672,3,1.214286,0.193825,2.7086,0,0,271.5336,137.349,90.5112,0.341013,3
fork_join,Fork-join,14,16,5.0,1.0,1.0,8,cad,Proposed CA-D,104.7135,104.7135,1.503337,1.94598,1.0,0.0,0.0,6,1.428571,2.207286,16.5095,2,97.8658,97.8658,51.5152,48.9329,0.050126,2
fork_join,Fork-join,14,16,5.0,1.0,1.0,9,heft,HEFT,186.9702,186.9702,1.0,1.0,1.0,0.0,0.0,0,1.0,,,0,0,0.0,0.0,0.0,0.0,0
fork_join,Fork-join,14,16,5.0,1.0,1.0,9,cdls,CD-LS,132.487,185.2749,1.411235,1.00915,1.398439,52.7879,0.398439,3,1.214286,0.042702,0.5651,0,0,189.9949,109.7494,63.3316,0.422943,3
fork_join,Fork-join,14,16,5.0,1.0,1.0,9,cad,Proposed CA-D,123.6219,123.6219,1.512436,1.512436,1.0,0.0,0.0,6,1.428571,1.195685,10.5581,2,46.5065,77.2456,46.5065,38.6228,0.169519,2
out_tree,Out-tree,7,6,1.0,5.0,1.0,0,heft,HEFT,63.0027,63.0027,1.0,1.0,1.0,0.0,0.0,0,1.0,,,0,0,46.6172,24.4148,23.3086,0.045309,2
out_tree,Out-tree,7,6,1.0,5.0,1.0,0,cdls,CD-LS,51.419,51.419,1.22528,1.22528,1.0,0.0,0.0,2,1.285714,0.78848,5.7918,0,0,17.1504,17.1504,17.1504,0.0,1
out_tree,Out-tree,7,6,1.0,5.0,1.0,0,cad,Proposed CA-D,40.8003,40.8003,1.544172,1.544172,1.0,0.0,0.0,5,1.714286,0.761841,4.4405,0,0,0.0,0.0,0.0,0.0,0
out_tree,Out-tree,7,6,1.0,5.0,1.0,1,heft,HEFT,74.5405,74.5405,1.0,1.0,1.0,0.0,0.0,0,1.0,,,0,0,48.5808,30.5524,24.2904,0.204961,2
out_tree,Out-tree,7,6,1.0,5.0,1.0,1,cdls,CD-LS,60.8415,60.8415,1.22516,1.22516,1.0,0.0,0.0,1,1.142857,1.576118,13.6991,0,0,0.0,0.0,0.0,0.0,0
out_tree,Out-tree,7,6,1.0,5.0,1.0,1,cad,Proposed CA-D,51.164,51.164,1.456894,1.456894,1.0,0.0,0.0,5,1.714286,0.639651,4.6753,0,0,0.0,0.0,0.0,0.0,0
out_tree,Out-tree,7,6,1.0,5.0,1.0,2,heft,HEFT,59.3619,59.3619,1.0,1.0,1.0,0.0,0.0,0,1.0,,,0,0,51.077,26.8941,25.5385,0.050403,2
out_tree,Out-tree,7,6,1.0,5.0,1.0,2,cdls,CD-LS,49.8845,49.8845,1.189986,1.189986,1.0,0.0,0.0,2,1.285714,0.664952,4.7387,0,0,9.7363,9.7363,9.7363,0.0,1
out_tree,Out-tree,7,6,1.0,5.0,1.0,2,cad,Proposed CA-D,42.066,42.066,1.411161,1.411161,1.0,0.0,0.0,5,1.714286,0.575625,3.4592,0,0,0.0,0.0,0.0,0.0,0
out_tree,Out-tree,7,6,1.0,5.0,1.0,3,heft,HEFT,46.9865,46.9865,1.0,1.0,1.0,0.0,0.0,0,1.0,,,0,0,11.8029,11.8029,11.8029,0.0,1
out_tree,Out-tree,7,6,1.0,5.0,1.0,3,cdls,CD-LS,46.9865,46.9865,1.0,1.0,1.0,0.0,0.0,2,1.285714,0.0,0.0,0,0,11.8029,11.8029,11.8029,0.0,1
out_tree,Out-tree,7,6,1.0,5.0,1.0,3,cad,Proposed CA-D,35.4896,35.4896,1.323951,1.323951,1.0,0.0,0.0,5,1.714286,0.453532,2.2994,0,0,0.0,0.0,0.0,0.0,0
out_tree,Out-tree,7,6,1.0,5.0,1.0,4,heft,HEFT,79.1352,96.7298,1.0,1.0,1.222335,17.5946,0.222335,0,1.0,,,0,0,50.8037,50.8037,50.8037,0.0,1
out_tree,Out-tree,7,6,1.0,5.0,1.0,4,cdls,CD-LS,66.4653,66.4653,1.190624,1.455342,1.0,0.0,0.0,2,1.285714,1.593698,15.1322,0,0,11.9859,11.9859,11.9859,0.0,1
out_tree,Out-tree,7,6,1.0,5.0,1.0,4,cad,Proposed CA-D,55.818,55.818,1.417736,1.732949,1.0,0.0,0.0,5,1.714286,1.026129,8.1824,0,0,0.0,0.0,0.0,0.0,0
out_tree,Out-tree,7,6,1.0,5.0,1.0,5,heft,HEFT,61.0349,61.0349,1.0,1.0,1.0,0.0,0.0,0,1.0,,,0,0,9.3523,9.3523,9.3523,0.0,1
out_tree,Out-tree,7,6,1.0,5.0,1.0,5,cdls,CD-LS,49.9078,49.9078,1.222953,1.222953,1.0,0.0,0.0,3,1.428571,0.520224,3.709,0,0,18.6099,9.3523,9.3049,0.005069,2
out_tree,Out-tree,7,6,1.0,5.0,1.0,5,cad,Proposed CA-D,43.4812,43.4812,1.403709,1.403709,1.0,0.0,0.0,5,1.714286,0.565192,3.5107,0,0,0.0,0.0,0.0,0.0,0
out_tree,Out-tree,7,6,1.0,5.0,1.0,6,heft,HEFT,68.0606,68.0606,1.0,1.0,1.0,0.0,0.0,0,1.0,,,0,0,22.2535,13.1006,11.1268,0.150668,2
out_tree,Out-tree,7,6,1.0,5.0,1.0,6,cdls,CD-LS,53.2147,53.2147,1.278981,1.278981,1.0,0.0,0.0,1,1.142857,1.952866,14.8459,0,0,13.1006,13.1006,13.1006,0.0,1
out_tree,Out-tree,7,6,1.0,5.0,1.0,6,cad,Proposed CA-D,43.0332,43.0332,1.581582,1.581582,1.0,0.0,0.0,5,1.714286,0.814215,5.0055,0,0,0.0,0.0,0.0,0.0,0
out_tree,Out-tree,7,6,1.0,5.0,1.0,7,heft,HEFT,67.3505,67.3505,1.0,1.0,1.0,0.0,0.0,0,1.0,,,0,0,29.0568,14.8255,14.5284,0.020039,2
out_tree,Out-tree,7,6,1.0,5.0,1.0,7,cdls,CD-LS,50.7152,50.7152,1.328014,1.328014,1.0,0.0,0.0,1,1.142857,2.296095,16.6353,0,0,14.2313,14.2313,14.2313,0.0,1
out_tree,Out-tree,7,6,1.0,5.0,1.0,7,cad,Proposed CA-D,49.115,49.115,1.371282,1.371282,1.0,0.0,0.0,5,1.714286,0.519794,3.6471,0,0,0.0,0.0,0.0,0.0,0
out_tree,Out-tree,7,6,1.0,5.0,1.0,8,heft,HEFT,64.5904,64.5904,1.0,1.0,1.0,0.0,0.0,0,1.0,,,0,0,14.1442,14.1442,14.1442,0.0,1
out_tree,Out-tree,7,6,1.0,5.0,1.0,8,cdls,CD-LS,56.3226,56.3226,1.146793,1.146793,1.0,0.0,0.0,4,1.571429,0.256888,2.0669,0,0,28.2883,14.1442,14.1442,0.0,2
out_tree,Out-tree,7,6,1.0,5.0,1.0,8,cad,Proposed CA-D,47.7622,47.7622,1.352334,1.352334,1.0,0.0,0.0,5,1.714286,0.493267,3.3656,0,0,0.0,0.0,0.0,0.0,0
out_tree,Out-tree,7,6,1.0,5.0,1.0,9,heft,HEFT,75.875,75.875,1.0,1.0,1.0,0.0,0.0,0,1.0,,,0,0,38.2038,28.2535,19.1019,0.32391,2
out_tree,Out-tree,7,6,1.0,5.0,1.0,9,cdls,CD-LS,73.3732,73.3732,1.034097,1.034097,1.0,0.0,0.0,2,1.285714,0.11934,1.2509,0,0,58.5296,30.2761,29.2648,0.033402,2
out_tree,Out-tree,7,6,1.0,5.0,1.0,9,cad,Proposed CA-D,50.8317,50.8317,1.492673,1.492673,1.0,0.0,0.0,5,1.714286,0.689742,5.0087,0,0,0.0,0.0,0.0,0.0,0
out_tree,Out-tree,7,6,5.0,5.0,1.0,0,heft,HEFT,84.4537,84.4537,1.0,1.0,1.0,0.0,0.0,0,1.0,,,0,0,0.0,0.0,0.0,0.0,0
out_tree,Out-tree,7,6,5.0,5.0,1.0,0,cdls,CD-LS,52.9599,52.9599,1.594672,1.594672,1.0,0.0,0.0,1,1.142857,4.162704,31.4938,0,0,0.0,0.0,0.0,0.0,0
out_tree,Out-tree,7,6,5.0,5.0,1.0,0,cad,Proposed CA-D,40.8003,40.8003,2.069929,2.069929,1.0,0.0,0.0,5,1.714286,1.4979,8.7307,0,0,0.0,0.0,0.0,0.0,0
out_tree,Out-tree,7,6,5.0,5.0,1.0,1,heft,HEFT,96.7693,96.7693,1.0,1.0,1.0,0.0,0.0,0,1.0,,,0,0,0.0,0.0,0.0,0.0,0
out_tree,Out-tree,7,6,5.0,5.0,1.0,1,cdls,CD-LS,60.8415,60.8415,1.590515,1.590515,1.0,0.0,0.0,1,1.142857,4.133607,35.9278,0,0,0.0,0.0,0.0,0.0,0
out_tree,Out-tree,7,6,5.0,5.0,1.0,1,cad,Proposed CA-D,51.164,51.164,1.891355,1.891355,1.0,0.0,0.0,5,1.714286,1.247897,9.1211,0,0,0.0,0.0,0.0,0.0,0
out_tree,Out-tree,7,6,5.0,5.0,1.0,2,heft,HEFT,79.7421,79.7421,1.0,1.0,1.0,0.0,0.0,0,1.0,,,0,0,0.0,0.0,0.0,0.0,0
out_tree,Out-tree,7,6,5.0,5.0,1.0,2,cdls,CD-LS,49.8845,49.8845,1.598535,1.598535,1.0,0.0,0.0,1,1.142857,4.189745,29.8576,0,0,0.0,0.0,0.0,0.0,0
out_tree,Out-tree,7,6,5.0,5.0,1.0,2,cad,Proposed CA-D,42.066,42.066,1.895644,1.895644,1.0,0.0,0.0,5,1.714286,1.253901,7.5352,0,0,0.0,0.0,0.0,0.0,0
out_tree,Out-tree,7,6,5.0,5.0,1.0,3,heft,HEFT,75.683,75.683,1.0,1.0,1.0,0.0,0.0,0,1.0,,,0,0,0.0,0.0,0.0,0.0,0
out_tree,Out-tree,7,6,5.0,5.0,1.0,3,cdls,CD-LS,46.9865,46.9865,1.610739,1.610739,1.0,0.0,0.0,1,1.142857,4.275175,28.6965,0,0,0.0,0.0,0.0,0.0,0
out_tree,Out-tree,7,6,5.0,5.0,1.0,3,cad,Proposed CA-D,35.4896,35.4896,2.13254,2.13254,1.0,0.0,0.0,5,1.714286,1.585556,8.0387,0,0,0.0,0.0,0.0,0.0,0
out_tree,Out-tree,7,6,5.0,5.0,1.0,4,heft,HEFT,99.4581,99.4581,1.0,1.0,1.0,0.0,0.0,0,1.0,,,0,0,0.0,0.0,0.0,0.0,0
out_tree,Out-tree,7,6,5.0,5.0,1.0,4,cdls,CD-LS,66.4653,66.4653,1.496391,1.496391,1.0,0.0,0.0,1,1.142857,3.474738,32.9928,0,0,0.0,0.0,0.0,0.0,0
out_tree,Out-tree,7,6,5.0,5.0,1.0,4,cad,Proposed CA-D,55.818,55.818,1.781828,1.781828,1.0,0.0,0.0,5,1.714286,1.094559,8.728,0,0,0.0,0.0,0.0,0.0,0
out_tree,Out-tree,7,6,5.0,5.0,1.0,5,heft,HEFT,83.8977,83.8977,1.0,1.0,1.0,0.0,0.0,0,1.0,,,0,0,0.0,0.0,0.0,0.0,0
out_tree,Out-tree,7,6,5.0,5.0,1.0,5,cdls,CD-LS,51.6826,51.6826,1.623326,1.623326,1.0,0.0,0.0,1,1.142857,4.363283,32.2151,0,0,0.0,0.0,0.0,0.0,0
out_tree,Out-tree,7,6,5.0,5.0,1.0,5,cad,Proposed CA-D,43.4812,43.4812,1.929517,1.929517,1.0,0.0,0.0,5,1.714286,1.301323,8.0833,0,0,0.0,0.0,0.0,0.0,0
out_tree,Out-tree,7,6,5.0,5.0,1.0,6,heft,HEFT,78.678,78.678,1.0,1.0,1.0,0.0,0.0,0,1.0,,,0,0,25.7646,25.7646,25.7646,0.0,1
out_tree,Out-tree,7,6,5.0,5.0,1.0,6,cdls,CD-LS,53.6507,53.6507,1.466487,1.466487,1.0,0.0,0.0,1,1.142857,3.265412,25.0274,0,0,0.0,0.0,0.0,0.0,0
out_tree,Out-tree,7,6,5.0,5.0,1.0,6,cad,Proposed CA-D,43.0332,43.0332,1.828309,1.828309,1.0,0.0,0.0,5,1.714286,1.159633,7.129,0,0,0.0,0.0,0.0,0.0,0
out_tree,Out-tree,7,6,5.0,5.0,1.0,7,heft,HEFT,90.5328,90.5328,1.0,1.0,1.0,0.0,0.0,0,1.0,,,0,0,0.0,0.0,0.0,0.0,0
out_tree,Out-tree,7,6,5.0,5.0,1.0,7,cdls,CD-LS,54.194,54.194,1.670532,1.670532,1.0,0.0,0.0,1,1.142857,4.693724,36.3388,0,0,0.0,0.0,0.0,0.0,0
out_tree,Out-tree,7,6,5.0,5.0,1.0,7,cad,Proposed CA-D,49.115,49.115,1.843282,1.843282,1.0,0.0,0.0,5,1.714286,1.180594,8.2836,0,0,0.0,0.0,0.0,0.0,0
out_tree,Out-tree,7,6,5.0,5.0,1.0,8,heft,HEFT,96.8056,96.8056,1.0,1.0,1.0,0.0,0.0,0,1.0,,,0,0,0.0,0.0,0.0,0.0,0
out_tree,Out-tree,7,6,5.0,5.0,1.0,8,cdls,CD-LS,68.4091,68.4091,1.415098,1.415098,1.0,0.0,0.0,3,1.428571,0.968561,9.4655,0,0,0.0,0.0,0.0,0.0,0
out_tree,Out-tree,7,6,5.0,5.0,1.0,8,cad,Proposed CA-D,47.7622,47.7622,2.026825,2.026825,1.0,0.0,0.0,5,1.714286,1.437555,9.8087,0,0,0.0,0.0,0.0,0.0,0
out_tree,Out-tree,7,6,5.0,5.0,1.0,9,heft,HEFT,110.444,110.444,1.0,1.0,1.0,0.0,0.0,0,1.0,,,0,0,0.0,0.0,0.0,0.0,0
out_tree,Out-tree,7,6,5.0,5.0,1.0,9,cdls,CD-LS,75.9721,75.9721,1.453743,1.453743,1.0,0.0,0.0,3,1.428571,1.058734,11.4906,0,0,0.0,0.0,0.0,0.0,0
out_tree,Out-tree,7,6,5.0,5.0,1.0,9,cad,Proposed CA-D,50.8317,50.8317,2.172739,2.172739,1.0,0.0,0.0,5,1.714286,1.641835,11.9225,0,0,0.0,0.0,0.0,0.0,0
fork_join,Fork-join,14,16,1.0,5.0,1.0,0,heft,HEFT,115.4473,115.4473,1.0,1.0,1.0,0.0,0.0,0,1.0,,,0,0,115.8059,63.0099,23.1612,0.63242,5
fork_join,Fork-join,14,16,1.0,5.0,1.0,0,cdls,CD-LS,87.8053,87.8053,1.314811,1.314811,1.0,0.0,0.0,4,1.285714,1.10184,6.9105,0,0,55.7725,30.1028,18.5908,0.382422,3
fork_join,Fork-join,14,16,1.0,5.0,1.0,0,cad,Proposed CA-D,87.8053,87.8053,1.314811,1.314811,1.0,0.0,0.0,4,1.285714,1.10184,6.9105,3,43.4268,55.7725,30.1028,18.5908,0.382422,3
fork_join,Fork-join,14,16,1.0,5.0,1.0,1,heft,HEFT,109.2603,109.2603,1.0,1.0,1.0,0.0,0.0,0,1.0,,,0,0,74.2518,25.4275,18.5629,0.269965,4
fork_join,Fork-join,14,16,1.0,5.0,1.0,1,cdls,CD-LS,93.5784,115.9052,1.167579,0.94267,1.238588,22.3267,0.238588,4,1.285714,-0.200656,-1.6612,0,0,80.4205,47.9585,26.8068,0.441041,3
fork_join,Fork-join,14,16,1.0,5.0,1.0,1,cad,Proposed CA-D,94.2521,94.2521,1.159235,1.159235,1.0,0.0,0.0,4,1.285714,0.557322,3.7521,3,64.022,86.3487,38.5946,28.7829,0.254223,3
fork_join,Fork-join,14,16,1.0,5.0,1.0,2,heft,HEFT,93.3126,105.0998,1.0,1.0,1.12632,11.7872,0.12632,0,1.0,,,0,0,170.8354,50.283,28.4726,0.433754,6
fork_join,Fork-join,14,16,1.0,5.0,1.0,2,cdls,CD-LS,74.4507,106.3072,1.253347,0.988642,1.427888,31.8565,0.427888,3,1.214286,-0.053003,-0.4025,0,0,102.9205,49.2741,34.3068,0.303755,3
fork_join,Fork-join,14,16,1.0,5.0,1.0,2,cad,Proposed CA-D,80.3322,80.3322,1.161583,1.308314,1.0,0.0,0.0,4,1.285714,1.0791,6.1919,3,41.516,54.8286,22.8958,18.2762,0.201766,3
fork_join,Fork-join,14,16,1.0,5.0,1.0,3,heft,HEFT,101.0004,118.1218,1.0,1.0,1.169518,17.1214,0.169518,0,1.0,,,0,0,131.0811,50.9993,32.7703,0.357437,4
fork_join,Fork-join,14,16,1.0,5.0,1.0,3,cdls,CD-LS,66.4799,82.3575,1.519261,1.434257,1.238831,15.8775,0.238831,3,1.214286,2.026534,11.9214,0,0,52.8953,22.967,17.6318,0.2323,3
fork_join,Fork-join,14,16,1.0,5.0,1.0,3,cad,Proposed CA-D,67.3514,67.3514,1.499603,1.753812,1.0,0.0,0.0,4,1.285714,2.638343,12.6926,3,36.3658,52.4335,22.7361,17.4778,0.231274,3
fork_join,Fork-join,14,16,1.0,5.0,1.0,4,heft,HEFT,122.9141,122.9141,1.0,1.0,1.0,0.0,0.0,0,1.0,,,0,0,118.8828,46.2118,29.7207,0.356859,4
fork_join,Fork-join,14,16,1.0,5.0,1.0,4,cdls,CD-LS,92.0909,102.8938,1.334704,1.194573,1.117306,10.8029,0.117306,4,1.285714,0.681006,5.0051,0,0,56.9863,25.1276,18.9954,0.244041,3
fork_join,Fork-join,14,16,1.0,5.0,1.0,4,cad,Proposed CA-D,94.0035,94.0035,1.307549,1.307549,1.0,0.0,0.0,4,1.285714,1.07642,7.2277,3,46.596,60.8699,27.3329,20.29,0.257673,3
fork_join,Fork-join,14,16,1.0,5.0,1.0,5,heft,HEFT,118.4125,125.839,1.0,1.0,1.062718,7.4266,0.062718,0,1.0,,,0,0,79.9919,33.6363,19.998,0.405465,4
fork_join,Fork-join,14,16,1.0,5.0,1.0,5,cdls,CD-LS,83.6092,87.1628,1.416261,1.443724,1.042502,3.5536,0.042502,4,1.285714,1.553035,9.6691,0,0,40.5668,20.626,13.5223,0.344405,3
fork_join,Fork-join,14,16,1.0,5.0,1.0,5,cad,Proposed CA-D,87.1628,87.1628,1.358521,1.443724,1.0,0.0,0.0,4,1.285714,1.553035,9.6691,3,27.7262,40.5668,20.626,13.5223,0.344405,3
fork_join,Fork-join,14,16,1.0,5.0,1.0,6,heft,HEFT,106.179,120.2992,1.0,1.0,1.132984,14.1202,0.132984,0,1.0,,,0,0,122.1059,33.0797,20.351,0.384789,6
fork_join,Fork-join,14,16,1.0,5.0,1.0,6,cdls,CD-LS,83.016,94.2768,1.279018,1.276021,1.135645,11.2607,0.135645,3,1.214286,1.2881,8.6741,0,0,68.8993,29.53,22.9664,0.222267,3
fork_join,Fork-join,14,16,1.0,5.0,1.0,6,cad,Proposed CA-D,87.3053,87.3053,1.216181,1.377914,1.0,0.0,0.0,4,1.285714,1.322698,8.2485,3,42.8194,57.5591,23.8598,19.1864,0.195872,3
fork_join,Fork-join,14,16,1.0,5.0,1.0,7,heft,HEFT,110.6294,119.3068,1.0,1.0,1.078437,8.6774,0.078437,0,1.0,,,0,0,179.7929,57.6856,29.9655,0.480538,6
fork_join,Fork-join,14,16,1.0,5.0,1.0,7,cdls,CD-LS,80.0794,87.0167,1.381497,1.37108,1.08663,6.9373,0.08663,3,1.214286,1.731708,10.7634,0,0,51.4733,28.2793,17.1578,0.393275,3
fork_join,Fork-join,14,16,1.0,5.0,1.0,7,cad,Proposed CA-D,81.1691,81.1691,1.362949,1.469855,1.0,0.0,0.0,4,1.285714,1.644492,9.5344,3,40.7935,53.4323,30.2383,17.8108,0.410986,3
fork_join,Fork-join,14,16,1.0,5.0,1.0,8,heft,HEFT,84.9701,104.0402,1.0,1.0,1.224434,19.0701,0.224434,0,1.0,,,0,0,130.671,31.1668,21.7785,0.301227,6
fork_join,Fork-join,14,16,1.0,5.0,1.0,8,cdls,CD-LS,71.2627,114.5653,1.19235,0.90813,1.607648,43.3026,0.607648,3,1.214286,-0.428727,-3.5084,0,0,124.5131,56.2698,41.5044,0.262404,3
fork_join,Fork-join,14,16,1.0,5.0,1.0,8,cad,Proposed CA-D,82.8232,82.8232,1.025921,1.256171,1.0,0.0,0.0,4,1.285714,0.8966,5.3042,3,52.7658,71.8359,34.1732,23.9453,0.299295,3
fork_join,Fork-join,14,16,1.0,5.0,1.0,9,heft,HEFT,118.3302,118.3302,1.0,1.0,1.0,0.0,0.0,0,1.0,,,0,0,86.3592,43.4459,21.5898,0.503065,4
fork_join,Fork-join,14,16,1.0,5.0,1.0,9,cdls,CD-LS,91.2734,126.2754,1.296438,0.93708,1.383486,35.0021,0.383486,3,1.214286,-0.293625,-2.6484,0,0,102.4047,50.7499,34.1349,0.32739,3
fork_join,Fork-join,14,16,1.0,5.0,1.0,9,cad,Proposed CA-D,107.8808,107.8808,1.096861,1.096861,1.0,0.0,0.0,5,1.357143,0.271211,2.0899,3,41.8437,54.7972,23.7013,18.2657,0.229336,3
fork_join,Fork-join,14,16,5.0,5.0,1.0,0,heft,HEFT,167.9556,167.9556,1.0,1.0,1.0,0.0,0.0,0,1.0,,,0,0,97.9074,68.7856,48.9537,0.288315,2
fork_join,Fork-join,14,16,5.0,5.0,1.0,0,cdls,CD-LS,134.2588,169.8356,1.250984,0.98893,1.264987,35.5768,0.264987,4,1.285714,-0.038744,-0.47,0,0,211.4697,120.6806,70.4899,0.415897,3
fork_join,Fork-join,14,16,5.0,5.0,1.0,0,cad,Proposed CA-D,129.2588,129.2588,1.299374,1.299374,1.0,0.0,0.0,5,1.357143,0.838248,7.7394,3,115.5897,137.3181,69.0607,45.7727,0.33721,3
fork_join,Fork-join,14,16,5.0,5.0,1.0,1,heft,HEFT,238.4363,238.4363,1.0,1.0,1.0,0.0,0.0,0,1.0,,,0,0,148.7963,107.1374,74.3981,0.305582,2
fork_join,Fork-join,14,16,5.0,5.0,1.0,1,cdls,CD-LS,135.9326,232.5278,1.754078,1.02541,1.710611,96.5952,0.710611,5,1.357143,0.071147,1.1817,0,0,393.2555,173.6492,131.0852,0.245115,3
fork_join,Fork-join,14,16,5.0,5.0,1.0,1,cad,Proposed CA-D,125.9326,125.9326,1.893365,1.893365,1.0,0.0,0.0,7,1.5,1.786729,16.072,2,97.31,97.31,66.6335,48.655,0.269812,2
fork_join,Fork-join,14,16,5.0,5.0,1.0,2,heft,HEFT,183.3697,183.3697,1.0,1.0,1.0,0.0,0.0,0,1.0,,,0,0,68.021,40.1052,34.0105,0.151969,2
fork_join,Fork-join,14,16,5.0,5.0,1.0,2,cdls,CD-LS,103.4788,183.4036,1.772051,0.999815,1.772378,79.9248,0.772378,3,1.214286,-0.000861,-0.0113,0,0,234.6023,126.3704,78.2008,0.381178,3
fork_join,Fork-join,14,16,5.0,5.0,1.0,2,cad,Proposed CA-D,103.4788,103.4788,1.772051,1.772051,1.0,0.0,0.0,6,1.428571,1.801453,13.3152,2,71.2652,71.2652,49.7019,35.6326,0.283074,2
fork_join,Fork-join,14,16,5.0,5.0,1.0,3,heft,HEFT,165.9851,241.2079,1.0,1.0,1.45319,75.2228,0.45319,0,1.0,,,0,0,113.4633,113.4633,113.4633,0.0,1
fork_join,Fork-join,14,16,5.0,5.0,1.0,3,cdls,CD-LS,86.6745,124.0212,1.91504,1.944893,1.430885,37.3467,0.430885,4,1.285714,3.307125,29.2967,0,0,147.4787,80.3149,49.1596,0.387915,3
fork_join,Fork-join,14,16,5.0,5.0,1.0,3,cad,Proposed CA-D,91.7606,91.7606,1.808893,2.628666,1.0,0.0,0.0,7,1.5,3.257333,21.3496,2,43.8218,110.9856,43.8218,36.9952,0.155781,3
fork_join,Fork-join,14,16,5.0,5.0,1.0,4,heft,HEFT,197.2918,197.2918,1.0,1.0,1.0,0.0,0.0,0,1.0,,,0,0,0.0,0.0,0.0,0.0,0
fork_join,Fork-join,14,16,5.0,5.0,1.0,4,cdls,CD-LS,132.6843,195.163,1.486927,1.010908,1.470883,62.4787,0.470883,4,1.285714,0.038177,0.5322,0,0,245.498,133.4906,81.8327,0.386978,3
fork_join,Fork-join,14,16,5.0,5.0,1.0,4,cad,Proposed CA-D,142.3211,142.3211,1.386244,1.386244,1.0,0.0,0.0,5,1.357143,1.081484,10.9941,3,120.0407,155.2818,93.6712,51.7606,0.447422,3
fork_join,Fork-join,14,16,5.0,5.0,1.0,5,heft,HEFT,169.736,169.736,1.0,1.0,1.0,0.0,0.0,0,1.0,,,0,0,0.0,0.0,0.0,0.0,0
fork_join,Fork-join,14,16,5.0,5.0,1.0,5,cdls,CD-LS,94.7505,109.6666,1.791398,1.547745,1.157425,14.9161,0.157425,4,1.285714,1.917109,15.0173,0,0,82.834,43.1298,27.6113,0.359808,3
fork_join,Fork-join,14,16,5.0,5.0,1.0,5,cad,Proposed CA-D,105.8776,105.8776,1.603133,1.603133,1.0,0.0,0.0,7,1.5,1.206267,9.1226,2,34.4279,34.4279,18.9267,17.2139,0.090495,2
fork_join,Fork-join,14,16,5.0,5.0,1.0,6,heft,HEFT,214.1853,214.1853,1.0,1.0,1.0,0.0,0.0,0,1.0,,,0,0,95.603,62.4934,47.8015,0.235096,2
fork_join,Fork-join,14,16,5.0,5.0,1.0,6,cdls,CD-LS,125.2814,197.8165,1.709634,1.082748,1.578977,72.535,0.578977,4,1.285714,0.289617,4.0922,0,0,247.5794,130.7595,82.5265,0.368868,3
fork_join,Fork-join,14,16,5.0,5.0,1.0,6,cad,Proposed CA-D,118.4654,118.4654,1.808,1.808,1.0,0.0,0.0,7,1.5,1.616,13.6743,2,90.1587,90.1587,57.0491,45.0794,0.209815,2
fork_join,Fork-join,14,16,5.0,5.0,1.0,7,heft,HEFT,164.212,228.56,1.0,1.0,1.39186,64.3481,0.39186,0,1.0,,,0,0,216.4109,131.6634,72.137,0.452111,3
fork_join,Fork-join,14,16,5.0,5.0,1.0,7,cdls,CD-LS,116.8001,165.5028,1.405924,1.381004,1.416975,48.7027,0.416975,3,1.214286,1.77802,21.0191,0,0,177.3751,95.9786,59.125,0.383977,3
fork_join,Fork-join,14,16,5.0,5.0,1.0,7,cad,Proposed CA-D,102.3002,102.3002,1.605197,2.234209,1.0,0.0,0.0,6,1.428571,2.879821,21.0433,2,50.97,50.97,32.776,25.485,0.222451,2
fork_join,Fork-join,14,16,5.0,5.0,1.0,8,heft,HEFT,135.4531,135.4531,1.0,1.0,1.0,0.0,0.0,0,1.0,,,0,0,88.2605,50.3507,44.1302,0.123542,2
fork_join,Fork-join,14,16,5.0,5.0,1.0,8,cdls,CD-LS,103.7787,177.2482,1.30521,0.7642,1.707944,73.4695,0.707944,4,1.285714,-0.825301,-10.4488,0,0,270.2069,142.2401,90.069,0.366782,3
fork_join,Fork-join,14,16,5.0,5.0,1.0,8,cad,Proposed CA-D,104.7135,104.7135,1.293558,1.293558,1.0,0.0,0.0,6,1.428571,0.684969,5.1233,2,105.8658,105.8658,55.5152,52.9329,0.046514,2
fork_join,Fork-join,14,16,5.0,5.0,1.0,9,heft,HEFT,186.9702,186.9702,1.0,1.0,1.0,0.0,0.0,0,1.0,,,0,0,0.0,0.0,0.0,0.0,0
fork_join,Fork-join,14,16,5.0,5.0,1.0,9,cdls,CD-LS,136.487,209.2749,1.369876,0.893419,1.533296,72.7879,0.533296,3,1.214286,-0.497377,-7.4349,0,0,245.9949,133.7494,81.9983,0.386926,3
fork_join,Fork-join,14,16,5.0,5.0,1.0,9,cad,Proposed CA-D,134.0321,134.0321,1.394966,1.394966,1.0,0.0,0.0,6,1.428571,0.921588,8.823,2,58.5065,97.2456,58.5065,48.6228,0.168934,2
