scheduler,n_tasks,edge_prob,ccr,comp_min,comp_max,noc_rows,noc_cols,processor_count,alpha,beta,seed,achieved_ccr,runtime_ms,total_computation_work,serial_speedup,makespan,primary_task_count,duplicate_task_count,duplication_ratio,total_task_instance_count,task_instance_ratio,communication_count,average_communication_latency,total_communication_time,average_link_utilization,max_link_utilization,average_processor_utilization,max_processor_utilization,baseline_makespan_heft,speedup_vs_heft,normalized_makespan_vs_heft
heft,20,0.25,0.1,5,20,4,4,16,0.0,1.0,0,0.1,42.19439998269081,253.70556034875474,2.27531013827679,111.50372693407812,20,0,0.0,20,1.0,0,0.0,0.0,0.0,0.0,0.1422068836422994,1.0,111.50372693407812,1.0,1.0
heft,20,0.25,0.1,5,20,4,4,16,0.0,1.0,1,0.09999999999999999,40.297300001839176,239.10609457567048,3.603952586881641,66.34551615523877,20,0,0.0,20,1.0,0,0.0,0.0,0.0,0.0,0.22524703668010257,0.9991141630745056,66.34551615523877,1.0,1.0
heft,20,0.25,0.1,5,20,4,4,16,0.0,1.0,2,0.1,43.07780001545325,236.04939043396465,2.5689559063719716,91.88534137486512,20,0,0.0,20,1.0,0,0.0,0.0,0.0,0.0,0.16055974414824822,1.0,91.88534137486512,1.0,1.0
heft,20,0.25,1.0,5,20,4,4,16,0.0,1.0,0,0.9999999999999999,40.836900006979704,253.70556034875474,2.27531013827679,111.50372693407812,20,0,0.0,20,1.0,0,0.0,0.0,0.0,0.0,0.1422068836422994,1.0,111.50372693407812,1.0,1.0
heft,20,0.25,1.0,5,20,4,4,16,0.0,1.0,1,0.9999999999999999,40.60969999409281,239.10609457567048,2.936780177672996,81.41777052075105,20,0,0.0,20,1.0,0,0.0,0.0,0.0,0.0,0.18354876110456228,0.8033120156984944,81.41777052075105,1.0,1.0
heft,20,0.25,1.0,5,20,4,4,16,0.0,1.0,2,1.0,44.41070000757463,236.04939043396465,2.3643451637231463,99.83711094967897,20,0,0.0,20,1.0,0,0.0,0.0,0.0,0.0,0.14777157273269667,0.9203525673051397,99.83711094967897,1.0,1.0
heft,20,0.25,5.0,5,20,4,4,16,0.0,1.0,0,5.0,41.689899982884526,253.70556034875474,1.4216227440144054,178.4619452783487,20,0,0.0,20,1.0,0,0.0,0.0,0.0,0.0,0.08885142150090035,0.8884281581177662,178.4619452783487,1.0,1.0
heft,20,0.25,5.0,5,20,4,4,16,0.0,1.0,1,5.0,40.64890000154264,239.10609457567048,1.8747250861896443,127.54195073030718,20,0,0.0,20,1.0,0,0.0,0.0,0.0,0.0,0.11717031788685278,0.646049538415014,127.54195073030718,1.0,1.0
heft,20,0.25,5.0,5,20,4,4,16,0.0,1.0,2,5.0,44.52979998313822,236.04939043396465,1.452811894478616,162.47760039070846,20,0,0.0,20,1.0,0,0.0,0.0,0.0,0.0,0.0908007434049135,0.7442570838494257,162.47760039070846,1.0,1.0
heft,20,0.4,0.1,5,20,4,4,16,0.0,1.0,0,0.09999999999999999,50.4990000044927,253.70556034875474,1.9045189164515934,133.21241293914085,20,0,0.0,20,1.0,0,0.0,0.0,0.0,0.0,0.11903243227822458,1.0,133.21241293914085,1.0,1.0
heft,20,0.4,0.1,5,20,4,4,16,0.0,1.0,1,0.1,53.322099993238226,239.10609457567048,2.0635194013847564,115.87295685963245,20,0,0.0,20,1.0,0,0.0,0.0,0.0,0.0,0.12896996258654728,1.0,115.87295685963245,1.0,1.0
heft,20,0.4,0.1,5,20,4,4,16,0.0,1.0,2,0.1,51.622800005134195,236.04939043396465,2.241273265691439,105.31932631657155,20,0,0.0,20,1.0,0,0.0,0.0,0.0,0.0,0.14007957910571497,1.0,105.31932631657155,1.0,1.0
heft,20,0.4,1.0,5,20,4,4,16,0.0,1.0,0,0.9999999999999999,55.00930000562221,253.70556034875474,1.9045189164515934,133.21241293914085,20,0,0.0,20,1.0,0,0.0,0.0,0.0,0.0,0.11903243227822458,1.0,133.21241293914085,1.0,1.0
heft,20,0.4,1.0,5,20,4,4,16,0.0,1.0,1,0.9999999999999999,53.20880000363104,239.10609457567048,1.9710725792669628,121.30760535697446,20,0,0.0,20,1.0,0,0.0,0.0,0.0,0.0,0.12319203620418519,0.9117303523634792,121.30760535697446,1.0,1.0
heft,20,0.4,1.0,5,20,4,4,16,0.0,1.0,2,1.0,49.704000004567206,236.04939043396465,2.1488683762445415,109.84823130325698,20,0,0.0,20,1.0,0,0.0,0.0,0.0,0.0,0.13430427351528387,0.9587712525458645,109.84823130325698,1.0,1.0
heft,20,0.4,5.0,5,20,4,4,16,0.0,1.0,0,5.0,47.56070001167245,253.70556034875474,1.4813703569906214,171.26409958962137,20,0,0.0,20,1.0,0,0.0,0.0,0.0,0.0,0.09258564731191385,0.6799937656247305,171.26409958962137,1.0,1.0
heft,20,0.4,5.0,5,20,4,4,16,0.0,1.0,1,5.0,70.3528999874834,239.10609457567048,1.5046193608798857,158.9146735662392,20,0,0.0,20,1.0,0,0.0,0.0,0.0,0.0,0.09403871005499284,0.8399908961838971,158.9146735662392,1.0,1.0
heft,20,0.4,5.0,5,20,4,4,16,0.0,1.0,2,5.0,48.0321999930311,236.04939043396465,1.5779491235515324,149.5925229215768,20,0,0.0,20,1.0,0,0.0,0.0,0.0,0.0,0.09862182022197077,0.8068862650917579,149.5925229215768,1.0,1.0
heft,40,0.25,0.1,5,20,4,4,16,0.0,1.0,0,0.09999999999999999,113.42599999625236,522.0091180280147,3.2713014254649786,159.57230781746654,40,0,0.0,40,1.0,0,0.0,0.0,0.0,0.0,0.20445633909156116,1.0,159.57230781746654,1.0,1.0
heft,40,0.25,0.1,5,20,4,4,16,0.0,1.0,1,0.09999999999999999,123.32579999929294,500.86789302425416,2.787033460280512,179.7136274689154,40,0,0.0,40,1.0,0,0.0,0.0,0.0,0.0,0.174189591267532,0.99875516039716,179.7136274689154,1.0,1.0
heft,40,0.25,0.1,5,20,4,4,16,0.0,1.0,2,0.1,139.84730001538992,504.33877821726617,2.6629407027604177,189.3916667744295,40,0,0.0,40,1.0,0,0.0,0.0,0.0,0.0,0.1664337939225261,1.0,189.3916667744295,1.0,1.0
heft,40,0.25,1.0,5,20,4,4,16,0.0,1.0,0,1.0,128.168099996401,522.0091180280147,3.183483538220551,163.9741848075641,40,0,0.0,40,1.0,0,0.0,0.0,0.0,0.0,0.19896772113878444,0.973155060991683,163.9741848075641,1.0,1.0
heft,40,0.25,1.0,5,20,4,4,16,0.0,1.0,1,0.9999999999999999,124.06390000251122,500.86789302425416,2.7598743611003234,181.48213559423232,40,0,0.0,40,1.0,0,0.0,0.0,0.0,0.0,0.17249214756877024,0.9890224855496821,181.48213559423232,1.0,1.0
heft,40,0.25,1.0,5,20,4,4,16,0.0,1.0,2,1.0,132.43959998362698,504.33877821726617,2.619632155643549,192.52274680273513,40,0,0.0,40,1.0,0,0.0,0.0,0.0,0.0,0.16372700972772178,0.9455691336726336,192.52274680273513,1.0,1.0
heft,40,0.25,5.0,5,20,4,4,16,0.0,1.0,0,5.0,117.60009999852628,522.0091180280147,2.452075375062785,212.88461331032642,40,0,0.0,40,1.0,0,0.0,0.0,0.0,0.0,0.15325471094142407,0.825162272536921,212.88461331032642,1.0,1.0
heft,40,0.25,5.0,5,20,4,4,16,0.0,1.0,1,4.999999999999999,121.48160001379438,500.86789302425416,2.3682304305142328,211.49457695106838,40,0,0.0,40,1.0,0,0.0,0.0,0.0,0.0,0.14801440190713955,0.891953276573126,211.49457695106838,1.0,1.0
heft,40,0.25,5.0,5,20,4,4,16,0.0,1.0,2,5.0,124.77019999641925,504.33877821726617,2.1635935548605345,233.10236670111354,40,0,0.0,40,1.0,0,0.0,0.0,0.0,0.0,0.1352245971787834,0.8306065791566243,233.10236670111354,1.0,1.0
heft,40,0.4,0.1,5,20,4,4,16,0.0,1.0,0,0.1,164.04999999213032,522.0091180280147,1.760470736658889,296.51678222082245,40,0,0.0,40,1.0,0,0.0,0.0,0.0,0.0,0.11002942104118056,1.0,296.51678222082245,1.0,1.0
heft,40,0.4,0.1,5,20,4,4,16,0.0,1.0,1,0.10000000000000002,165.6008000136353,500.86789302425416,2.2137887625673445,226.24918036145175,40,0,0.0,40,1.0,0,0.0,0.0,0.0,0.0,0.13836179766045906,0.9993346669427259,226.24918036145175,1.0,1.0
heft,40,0.4,0.1,5,20,4,4,16,0.0,1.0,2,0.1,160.97799999988638,504.33877821726617,2.037210695515805,247.5633862159612,40,0,0.0,40,1.0,0,0.0,0.0,0.0,0.0,0.1273256684697378,1.0,247.5633862159612,1.0,1.0
heft,40,0.4,1.0,5,20,4,4,16,0.0,1.0,0,1.0,153.27480001724325,522.0091180280147,1.735475801355622,300.78732162111436,40,0,0.0,40,1.0,0,0.0,0.0,0.0,0.0,0.1084672375847264,0.9797938493327867,300.78732162111436,1.0,1.0
heft,40,0.4,1.0,5,20,4,4,16,0.0,1.0,1,1.0,171.78870001225732,500.86789302425416,2.188144160635882,228.90077447123062,40,0,0.0,40,1.0,0,0.0,0.0,0.0,0.0,0.13675901003974264,0.8850589174674856,228.90077447123062,1.0,1.0
heft,40,0.4,1.0,5,20,4,4,16,0.0,1.0,2,0.9999999999999999,165.68599999300204,504.33877821726617,2.0251758197787835,249.03456445196778,40,0,0.0,40,1.0,0,0.0,0.0,0.0,0.0,0.12657348873617397,0.9940924737124579,249.03456445196778,1.0,1.0
heft,40,0.4,5.0,5,20,4,4,16,0.0,1.0,0,5.0,161.23590001370758,522.0091180280147,1.5407204498619715,338.80845683250317,40,0,0.0,40,1.0,0,0.0,0.0,0.0,0.0,0.09629502811637322,0.8674531907393384,338.80845683250317,1.0,1.0
heft,40,0.4,5.0,5,20,4,4,16,0.0,1.0,1,5.0,166.02130001410842,500.86789302425416,1.9403168714205545,258.1371632652744,40,0,0.0,40,1.0,0,0.0,0.0,0.0,0.0,0.12126980446378467,0.7825390015865638,258.1371632652744,1.0,1.0
heft,40,0.4,5.0,5,20,4,4,16,0.0,1.0,2,5.0,165.73959999368526,504.33877821726617,1.816218366363529,277.6862009313693,40,0,0.0,40,1.0,0,0.0,0.0,0.0,0.0,0.11351364789772053,0.8055971498141886,277.6862009313693,1.0,1.0
contention_aware,20,0.25,0.1,5,20,4,4,16,0.0,1.0,0,0.1,60.27719998382963,253.70556034875474,2.27531013827679,111.50372693407812,20,0,0.0,20,1.0,21,0.6049634456367488,12.704232358371723,0.0035235279172997143,0.03982739836910044,0.1422068836422994,1.0,111.50372693407812,1.0,1.0
contention_aware,20,0.25,0.1,5,20,4,4,16,0.0,1.0,1,0.09999999999999999,60.38179999450222,239.10609457567048,3.603952586881641,66.34551615523877,20,0,0.0,20,1.0,26,0.6269142179461016,16.299769666598642,0.008693862476319264,0.06154291016534123,0.22524703668010257,0.9991141630745056,66.34551615523877,1.0,1.0
contention_aware,20,0.25,0.1,5,20,4,4,16,0.0,1.0,2,0.1,69.3786000192631,236.04939043396465,2.5689559063719716,91.88534137486512,20,0,0.0,20,1.0,36,0.47255678078413627,17.012044108228906,0.006050310368124752,0.05976644882731011,0.16055974414824822,1.0,91.88534137486512,1.0,1.0
contention_aware,20,0.25,1.0,5,20,4,4,16,0.0,1.0,0,0.9999999999999999,57.624700013548136,253.70556034875474,2.27531013827679,111.50372693407812,20,0,0.0,20,1.0,20,5.91253639348737,118.2507278697474,0.03552107547788153,0.4112834715554134,0.1422068836422994,1.0,111.50372693407812,1.0,1.0
contention_aware,20,0.25,1.0,5,20,4,4,16,0.0,1.0,1,0.9999999999999999,57.52590001793578,239.10609457567048,2.8146315814403082,84.95111621440512,20,0,0.0,20,1.0,28,6.13020748392845,171.64580954999659,0.06768062512713953,0.5526503519682321,0.17591447384001926,0.8577643962578393,81.41777052075105,0.958407307036009,1.0433977210510024
contention_aware,20,0.25,1.0,5,20,4,4,16,0.0,1.0,2,1.0,68.01179997273721,236.04939043396465,2.3643451637231463,99.83711094967897,20,0,0.0,20,1.0,35,4.760101001587017,166.6035350555456,0.058821620033940564,0.4135062837564709,0.14777157273269667,0.9203525673051397,99.83711094967897,1.0,1.0
contention_aware,20,0.25,5.0,5,20,4,4,16,0.0,1.0,0,5.0,58.75940000987612,253.70556034875474,0.9803479760559398,258.7913338378515,20,0,0.0,20,1.0,18,29.053123379364795,522.9562208285663,0.047974543894688526,0.839032550069742,0.06127174850349625,0.5699041598343664,178.4619452783487,0.6895978417506282,1.450120547740373
contention_aware,20,0.25,5.0,5,20,4,4,16,0.0,1.0,1,5.0,56.276499992236495,239.10609457567048,0.954585208404197,250.48166729441562,20,0,0.0,20,1.0,21,29.873612332510994,627.3458589827309,0.07278367538619568,0.7718063432918907,0.059661575525262314,0.3219052718805563,127.54195073030718,0.5091867684687464,1.9639159183323895
contention_aware,20,0.25,5.0,5,20,4,4,16,0.0,1.0,2,5.0,61.63050001487136,236.04939043396465,1.080792437498243,218.40399899573538,20,0,0.0,20,1.0,23,23.705792459698372,545.2332265730626,0.08385826170012989,0.8710718835208241,0.06754952734364018,0.5189458341070705,162.47760039070846,0.7439314350369612,1.3442099001372572
contention_aware,20,0.4,0.1,5,20,4,4,16,0.0,1.0,0,0.09999999999999999,70.3127000015229,253.70556034875474,1.9045189164515934,133.21241293914085,20,0,0.0,20,1.0,35,0.39418923358807956,13.796623175582784,0.0028273234983651496,0.042002444062206816,0.11903243227822458,1.0,133.21241293914085,1.0,1.0
contention_aware,20,0.4,0.1,5,20,4,4,16,0.0,1.0,1,0.1,74.20339999953285,239.10609457567048,2.0635194013847564,115.87295685963245,20,0,0.0,20,1.0,47,0.3171567238766421,14.90636602220218,0.0039691555452375125,0.07184977423701014,0.12896996258654728,1.0,115.87295685963245,1.0,1.0
contention_aware,20,0.4,0.1,5,20,4,4,16,0.0,1.0,2,0.1,76.57070001005195,236.04939043396465,2.241273265691439,105.31932631657155,20,0,0.0,20,1.0,54,0.32029345576336177,17.295846611221535,0.0055379994518689486,0.08150067009423999,0.14007957910571497,1.0,105.31932631657155,1.0,1.0
contention_aware,20,0.4,1.0,5,20,4,4,16,0.0,1.0,0,0.9999999999999999,92.14170000632294,253.70556034875474,1.9045189164515934,133.21241293914085,20,0,0.0,20,1.0,35,3.9134945834129486,136.9723104194532,0.027962352625905077,0.48314558326167717,0.11903243227822458,1.0,133.21241293914085,1.0,1.0
contention_aware,20,0.4,1.0,5,20,4,4,16,0.0,1.0,1,0.9999999999999999,92.29249999043532,239.10609457567048,1.9313481899282459,123.80268654952054,20,0,0.0,20,1.0,53,3.175996392533859,168.3278088042945,0.04574551746951139,0.6588671135441253,0.12070926187051538,0.7576492224081026,121.30760535697446,0.9798463081691845,1.0205682173446895
contention_aware,20,0.4,1.0,5,20,4,4,16,0.0,1.0,2,1.0,85.50999997532926,236.04939043396465,2.1488683762445415,109.84823130325698,20,0,0.0,20,1.0,49,3.2007401342960042,156.8362665805042,0.042391038845114797,0.5701671317444146,0.13430427351528385,0.9587712525458645,109.84823130325698,1.0,1.0
contention_aware,20,0.4,5.0,5,20,4,4,16,0.0,1.0,0,5.0,75.12699998915195,253.70556034875474,1.310737847501792,193.55934585417387,20,0,0.0,20,1.0,22,19.01380098413654,418.3036216510039,0.04502318782871622,0.7829151697200883,0.08192111546886201,0.8633231458464219,171.26409958962137,0.8848144161359712,1.1301805008637291
contention_aware,20,0.4,5.0,5,20,4,4,16,0.0,1.0,1,5.0,81.96730000781827,239.10609457567048,0.7040763500767687,339.6025083779616,20,0,0.0,20,1.0,49,15.945976977279988,781.3528718867194,0.05858667059260959,0.9226519820802916,0.044004771879798045,0.30957673864492014,158.9146735662392,0.46794316780892165,2.1370116475519025
contention_aware,20,0.4,5.0,5,20,4,4,16,0.0,1.0,2,5.0,76.10489998478442,236.04939043396465,0.8093116378817847,291.66686772449964,20,0,0.0,20,1.0,43,15.67783907409837,674.1470801862299,0.060364669575096765,0.7715666752863499,0.05058197736761155,0.3683085976819798,149.5925229215768,0.512888296461831,1.9497422867679333
contention_aware,40,0.25,0.1,5,20,4,4,16,0.0,1.0,0,0.09999999999999999,180.29889999888837,522.0091180280147,3.2713014254649786,159.57230781746654,40,0,0.0,40,1.0,138,0.2755663385609605,38.028154721412555,0.0082931471765158,0.08008727003059671,0.20445633909156116,1.0,159.57230781746654,1.0,1.0
contention_aware,40,0.25,0.1,5,20,4,4,16,0.0,1.0,1,0.09999999999999999,182.13450000621378,500.86789302425416,2.787033460280512,179.7136274689154,40,0,0.0,40,1.0,128,0.2689443206570699,34.42487304410495,0.0066316581009570824,0.07613571526880866,0.174189591267532,0.99875516039716,179.7136274689154,1.0,1.0
contention_aware,40,0.25,0.1,5,20,4,4,16,0.0,1.0,2,0.1,202.77750000241213,504.33877821726617,2.6629407027604177,189.3916667744295,40,0,0.0,40,1.0,143,0.24075086239624457,34.42737332266297,0.005431538321134446,0.053827509117687765,0.1664337939225261,1.0,189.3916667744295,1.0,1.0
contention_aware,40,0.25,1.0,5,20,4,4,16,0.0,1.0,0,1.0,195.21560001885518,522.0091180280147,3.183483538220551,163.9741848075641,40,0,0.0,40,1.0,134,2.757655298788159,369.52581003761327,0.07188069453475526,0.6339923826456271,0.19896772113878444,0.973155060991683,163.9741848075641,1.0,1.0
contention_aware,40,0.25,1.0,5,20,4,4,16,0.0,1.0,1,0.9999999999999999,209.30349998525344,500.86789302425416,2.7598743611003234,181.48213559423232,40,0,0.0,40,1.0,132,2.6664779050028153,351.97508346037165,0.06533694849732297,0.7197789653655177,0.17249214756877024,0.9890224855496821,181.48213559423232,1.0,1.0
contention_aware,40,0.25,1.0,5,20,4,4,16,0.0,1.0,2,1.0,219.55520001938567,504.33877821726617,2.619632155643549,192.52274680273513,40,0,0.0,40,1.0,136,2.4043245066475856,326.9881329040716,0.05398174000717381,0.5551090640345719,0.16372700972772178,0.9455691336726336,192.52274680273513,1.0,1.0
contention_aware,40,0.25,5.0,5,20,4,4,16,0.0,1.0,0,5.0,213.52719998685643,522.0091180280147,1.05698547890071,493.86593141366194,40,0,0.0,40,1.0,116,13.891735271464944,1611.4412914899335,0.0989248020026173,0.9484495081746857,0.06606159243129439,0.3349130838579596,212.88461331032642,0.43105749914953,2.319876123192347
contention_aware,40,0.25,5.0,5,20,4,4,16,0.0,1.0,1,4.999999999999999,214.393200003542,500.86789302425416,0.9908358768279489,505.50036059223766,40,0,0.0,40,1.0,118,13.297450911981963,1569.0992076138716,0.0862754021109106,0.9133225260000906,0.06192724230174681,0.3505282823005478,211.49457695106838,0.4183865995729144,2.3901339120822507
contention_aware,40,0.25,5.0,5,20,4,4,16,0.0,1.0,2,5.0,215.36679999553598,504.33877821726617,1.0025058534938502,503.0781381072105,40,0,0.0,40,1.0,109,11.982184760711009,1306.0581389175,0.06427055055905163,0.9377272447255706,0.06265661584336564,0.4491081595575391,233.10236670111354,0.4633522092177206,2.1581854582895033
contention_aware,40,0.4,0.1,5,20,4,4,16,0.0,1.0,0,0.1,251.71499999123625,522.0091180280147,1.760470736658889,296.51678222082245,40,0,0.0,40,1.0,169,0.1767249958399386,29.86652429694962,0.0026652087196228787,0.03658618537713159,0.11002942104118056,1.0,296.51678222082245,1.0,1.0
contention_aware,40,0.4,0.1,5,20,4,4,16,0.0,1.0,1,0.10000000000000002,315.7110000029206,500.86789302425416,2.2137887625673445,226.24918036145175,40,0,0.0,40,1.0,209,0.15347823767991065,32.07695167510133,0.004240330035125496,0.060674888454949914,0.13836179766045906,0.9993346669427259,226.24918036145175,1.0,1.0
contention_aware,40,0.4,0.1,5,20,4,4,16,0.0,1.0,2,0.1,318.58600000850856,504.33877821726617,2.037210695515805,247.5633862159612,40,0,0.0,40,1.0,193,0.16048338119557193,30.973292570745382,0.0034700252424575296,0.049588871035961754,0.1273256684697378,1.0,247.5633862159612,1.0,1.0
contention_aware,40,0.4,1.0,5,20,4,4,16,0.0,1.0,0,1.0,272.2107000008691,522.0091180280147,1.735475801355622,300.78732162111436,40,0,0.0,40,1.0,165,1.7721639623446035,292.4070537868596,0.025074430043588634,0.3687050461954007,0.1084672375847264,0.9797938493327867,300.78732162111436,1.0,1.0
contention_aware,40,0.4,1.0,5,20,4,4,16,0.0,1.0,1,1.0,359.5848999975715,500.86789302425416,2.188144160635882,228.90077447123062,40,0,0.0,40,1.0,209,1.5464464221733818,323.2073022342368,0.0389976714972582,0.596626390002529,0.13675901003974264,0.8850589174674856,228.90077447123062,1.0,1.0
contention_aware,40,0.4,1.0,5,20,4,4,16,0.0,1.0,2,0.9999999999999999,342.1239000163041,504.33877821726617,2.020836537875477,249.56930892959898,40,0,0.0,40,1.0,193,1.6048338119557162,309.7329257074532,0.03442134783968875,0.4919029861861862,0.1263022836172173,0.991962462362695,249.03456445196778,0.9978573307754679,1.0021472701141223
contention_aware,40,0.4,5.0,5,20,4,4,16,0.0,1.0,0,5.0,310.93129998771474,522.0091180280147,1.2259080725366325,425.8142431086863,40,0,0.0,40,1.0,127,8.702539412527427,1105.2225053909833,0.059017217324994334,0.9183783975714527,0.07661925453353953,0.7874124658072225,338.80845683250317,0.7956719680370685,1.2567993346140005
contention_aware,40,0.4,5.0,5,20,4,4,16,0.0,1.0,1,5.0,379.68429998727515,500.86789302425416,0.8887663023385545,563.5540993243693,40,0,0.0,40,1.0,187,7.665147730756752,1433.3826256515126,0.06758463462024249,0.9497808610474282,0.05554789389615965,0.4211366970345488,258.1371632652744,0.45805214366242475,2.183157559321412
contention_aware,40,0.4,5.0,5,20,4,4,16,0.0,1.0,2,5.0,374.6806000126526,504.33877821726617,0.8556327677275235,589.4336884230607,40,0,0.0,40,1.0,158,7.8553877631379665,1241.1512665757987,0.0476239800734335,0.9552075595771848,0.05347704798297019,0.4260868341318477,277.6862009313693,0.4711067697441523,2.122661070107479
classical_duplication,20,0.25,0.1,5,20,4,4,16,0.0,1.0,0,0.1,101.46789997816086,253.70556034875474,2.27531013827679,111.50372693407812,20,6,0.3,26,1.3,0,0.0,0.0,0.0,0.0,0.1881078530668188,1.0,111.50372693407812,1.0,1.0
classical_duplication,20,0.25,0.1,5,20,4,4,16,0.0,1.0,1,0.09999999999999999,92.52409997861832,239.10609457567048,3.606406581553344,66.300371067059,20,5,0.25,25,1.25,0,0.0,0.0,0.0,0.0,0.2935792130855297,0.9997944774719625,66.34551615523877,1.0006809175793918,0.9993195457538663
classical_duplication,20,0.25,0.1,5,20,4,4,16,0.0,1.0,2,0.1,126.1827000125777,236.04939043396465,2.5689559063719716,91.88534137486512,20,7,0.35,27,1.35,0,0.0,0.0,0.0,0.0,0.23367333279215796,1.0,91.88534137486512,1.0,1.0
classical_duplication,20,0.25,1.0,5,20,4,4,16,0.0,1.0,0,0.9999999999999999,105.4405000177212,253.70556034875474,2.27531013827679,111.50372693407812,20,6,0.3,26,1.3,0,0.0,0.0,0.0,0.0,0.18773678331706006,1.0,111.50372693407812,1.0,1.0
classical_duplication,20,0.25,1.0,5,20,4,4,16,0.0,1.0,1,0.9999999999999999,90.1875999988988,239.10609457567048,3.1956814349567817,74.82163020385796,20,8,0.4,28,1.4,0,0.0,0.0,0.0,0.0,0.2900457779666002,0.9668682125775887,81.41777052075105,1.0881582010298536,0.9189840218578337
classical_duplication,20,0.25,1.0,5,20,4,4,16,0.0,1.0,2,1.0,134.05190000776201,236.04939043396465,2.383578426230562,99.03151825688313,20,8,0.4,28,1.4,0,0.0,0.0,0.0,0.0,0.2261905886078735,0.9278393686393742,99.83711094967897,1.0081347101102316,0.9919309294396361
classical_duplication,20,0.25,5.0,5,20,4,4,16,0.0,1.0,0,5.0,114.99249999178573,253.70556034875474,1.8402534341362076,137.86446781871706,20,5,0.25,25,1.25,0,0.0,0.0,0.0,0.0,0.14468309629486772,0.9566702577195528,178.4619452783487,1.2944738270996319,0.7725146534948311
classical_duplication,20,0.25,5.0,5,20,4,4,16,0.0,1.0,1,5.0,98.2644000032451,239.10609457567048,2.0764059896665437,115.15382625825947,20,6,0.3,26,1.3,0,0.0,0.0,0.0,0.0,0.1701633195114417,0.9501231229267026,127.54195073030718,1.1075789218177121,0.9028701976007649
classical_duplication,20,0.25,5.0,5,20,4,4,16,0.0,1.0,2,5.0,136.0630000126548,236.04939043396465,1.872997223177344,126.0276243408047,20,9,0.45,29,1.45,0,0.0,0.0,0.0,0.0,0.17544894377912934,0.8970003225497074,162.47760039070846,1.2892221149177223,0.7756615314218526
classical_duplication,20,0.4,0.1,5,20,4,4,16,0.0,1.0,0,0.09999999999999999,193.87690001167357,253.70556034875474,1.9045189164515934,133.21241293914085,20,4,0.2,24,1.2,0,0.0,0.0,0.0,0.0,0.13307535793507197,1.0,133.21241293914085,1.0,1.0
classical_duplication,20,0.4,0.1,5,20,4,4,16,0.0,1.0,1,0.1,234.08550000749528,239.10609457567048,2.0635194013847564,115.87295685963245,20,2,0.1,22,1.1,0,0.0,0.0,0.0,0.0,0.14121386427227214,1.0,115.87295685963245,1.0,1.0
classical_duplication,20,0.4,0.1,5,20,4,4,16,0.0,1.0,2,0.1,202.44769999408163,236.04939043396465,2.241273265691439,105.31932631657155,20,7,0.35,27,1.35,0,0.0,0.0,0.0,0.0,0.20141450046802228,1.0,105.31932631657155,1.0,1.0
classical_duplication,20,0.4,1.0,5,20,4,4,16,0.0,1.0,0,0.9999999999999999,169.88680002395995,253.70556034875474,1.9045189164515934,133.21241293914085,20,4,0.2,24,1.2,0,0.0,0.0,0.0,0.0,0.13307535793507194,1.0,133.21241293914085,1.0,1.0
classical_duplication,20,0.4,1.0,5,20,4,4,16,0.0,1.0,1,0.9999999999999999,221.29410001798533,239.10609457567048,1.983430600941897,120.55178258423719,20,4,0.2,24,1.2,0,0.0,0.0,0.0,0.0,0.15096247859804177,0.9174466225681986,121.30760535697446,1.0062696938737437,0.9937693702673208
classical_duplication,20,0.4,1.0,5,20,4,4,16,0.0,1.0,2,1.0,203.63929998711683,236.04939043396465,2.157244603326265,109.42170863239109,20,7,0.35,27,1.35,0,0.0,0.0,0.0,0.0,0.19386317180393078,0.9625085152928681,109.84823130325698,1.003897971217931,0.9961171639651767
classical_duplication,20,0.4,5.0,5,20,4,4,16,0.0,1.0,0,5.0,189.8376999888569,253.70556034875474,1.5337549867763876,165.41466044846413,20,5,0.25,25,1.25,0,0.0,0.0,0.0,0.0,0.11249613862883755,0.92103702697904,171.26409958962137,1.0353622775955802,0.965845503201351
classical_duplication,20,0.4,5.0,5,20,4,4,16,0.0,1.0,1,5.0,236.19270001654513,239.10609457567048,1.554913112739418,153.7745695348968,20,8,0.4,28,1.4,0,0.0,0.0,0.0,0.0,0.13873239388529723,0.9165790200621099,158.9146735662392,1.0334262293621699,0.9676549439017041
classical_duplication,20,0.4,5.0,5,20,4,4,16,0.0,1.0,2,5.0,205.65789999091066,236.04939043396465,1.7711290501109382,133.27622310705095,20,9,0.45,29,1.45,0,0.0,0.0,0.0,0.0,0.17259338501121343,0.9427359868591005,149.5925229215768,1.1224246863705025,0.8909283733179659
classical_duplication,40,0.25,0.1,5,20,4,4,16,0.0,1.0,0,0.09999999999999999,560.2825000241864,522.0091180280147,3.2713014254649786,159.57230781746654,40,9,0.225,49,1.225,0,0.0,0.0,0.0,0.0,0.2434814940594423,1.0,159.57230781746654,1.0,1.0
classical_duplication,40,0.25,0.1,5,20,4,4,16,0.0,1.0,1,0.09999999999999999,586.2351000250783,500.86789302425416,2.787033460280512,179.7136274689154,40,6,0.15,46,1.15,0,0.0,0.0,0.0,0.0,0.2023431420245775,0.99875516039716,179.7136274689154,1.0,1.0
classical_duplication,40,0.25,0.1,5,20,4,4,16,0.0,1.0,2,0.1,651.8931000027806,504.33877821726617,2.6629407027604177,189.3916667744295,40,5,0.125,45,1.125,0,0.0,0.0,0.0,0.0,0.1892851462023687,1.0,189.3916667744295,1.0,1.0
classical_duplication,40,0.25,1.0,5,20,4,4,16,0.0,1.0,0,1.0,575.2669999783393,522.0091180280147,3.2108931399873795,162.5744287553794,40,11,0.275,51,1.275,0,0.0,0.0,0.0,0.0,0.25076970498893114,0.9815338675282689,163.9741848075641,1.008609939846634,0.9914635584020288
classical_duplication,40,0.25,1.0,5,20,4,4,16,0.0,1.0,1,0.9999999999999999,535.1612999802455,500.86789302425416,2.7598743611003234,181.48213559423232,40,5,0.125,45,1.125,0,0.0,0.0,0.0,0.0,0.19892808924223687,0.9890224855496821,181.48213559423232,1.0,1.0
classical_duplication,40,0.25,1.0,5,20,4,4,16,0.0,1.0,2,1.0,658.7553999852389,504.33877821726617,2.621585542469747,192.3792949140763,40,5,0.125,45,1.125,0,0.0,0.0,0.0,0.0,0.18634556983338402,0.984470115970738,192.52274680273513,1.0007456721822527,0.9992548834304457
classical_duplication,40,0.25,5.0,5,20,4,4,16,0.0,1.0,0,5.0,664.1766999964602,522.0091180280147,2.652922089348088,196.7676020807267,40,18,0.45,58,1.45,0,0.0,0.0,0.0,0.0,0.2373537423532715,0.9571150504431337,212.88461331032642,1.0819088663945169,0.9242922681025068
classical_duplication,40,0.25,5.0,5,20,4,4,16,0.0,1.0,1,4.999999999999999,575.7490999822039,500.86789302425416,2.3799997291607062,210.44871849665395,40,6,0.15,46,1.15,0,0.0,0.0,0.0,0.0,0.17654441728242704,0.8963859805682396,211.49457695106838,1.004969659411022,0.9950549159723542
classical_duplication,40,0.25,5.0,5,20,4,4,16,0.0,1.0,2,5.0,732.2308000002522,504.33877821726617,2.184996375833211,230.81904564942135,40,8,0.2,48,1.2,0,0.0,0.0,0.0,0.0,0.16293168025167223,0.8388231519378101,233.10236670111354,1.009892255837329,0.9902046423465967
classical_duplication,40,0.4,0.1,5,20,4,4,16,0.0,1.0,0,0.1,1064.152999984799,522.0091180280147,1.760470736658889,296.51678222082245,40,4,0.1,44,1.1,0,0.0,0.0,0.0,0.0,0.11893777096069778,1.0,296.51678222082245,1.0,1.0
classical_duplication,40,0.4,0.1,5,20,4,4,16,0.0,1.0,1,0.10000000000000002,1305.7093000097666,500.86789302425416,2.2137887625673445,226.24918036145175,40,5,0.125,45,1.125,0,0.0,0.0,0.0,0.0,0.15745166255257295,0.9993346669427259,226.24918036145175,1.0,1.0
classical_duplication,40,0.4,0.1,5,20,4,4,16,0.0,1.0,2,0.1,1277.1082000108436,504.33877821726617,2.037210695515805,247.5633862159612,40,4,0.1,44,1.1,0,0.0,0.0,0.0,0.0,0.1420697215030094,1.0,247.5633862159612,1.0,1.0
classical_duplication,40,0.4,1.0,5,20,4,4,16,0.0,1.0,0,1.0,1134.2100000183564,522.0091180280147,1.7427450400606168,299.53269470206493,40,5,0.125,45,1.125,0,0.0,0.0,0.0,0.0,0.12081936743927302,0.9124696864829737,300.78732162111436,1.004188614268961,0.9958288570399593
classical_duplication,40,0.4,1.0,5,20,4,4,16,0.0,1.0,1,1.0,1327.3036000027787,500.86789302425416,2.188144160635882,228.90077447123062,40,5,0.125,45,1.125,0,0.0,0.0,0.0,0.0,0.15894224691801392,0.8718456970916809,228.90077447123062,1.0,1.0
classical_duplication,40,0.4,1.0,5,20,4,4,16,0.0,1.0,2,0.9999999999999999,1259.2344000004232,504.33877821726617,2.025200721938451,249.03150228710703,40,4,0.1,44,1.1,0,0.0,0.0,0.0,0.0,0.1412321774997559,0.9941046973669487,249.03456445196778,1.000012296295178,0.999987703856019
classical_duplication,40,0.4,5.0,5,20,4,4,16,0.0,1.0,0,5.0,1119.2760999838356,522.0091180280147,1.5932042837812106,327.6473226579024,40,7,0.175,47,1.175,0,0.0,0.0,0.0,0.0,0.11638767744362927,0.8970025286478189,338.80845683250317,1.0340644754367614,0.9670576871694838
classical_duplication,40,0.4,5.0,5,20,4,4,16,0.0,1.0,1,5.0,1260.9251999820117,500.86789302425416,1.9403168714205545,258.1371632652744,40,7,0.175,47,1.175,0,0.0,0.0,0.0,0.0,0.1423521732569692,0.8195267886940046,258.1371632652744,1.0,1.0
classical_duplication,40,0.4,5.0,5,20,4,4,16,0.0,1.0,2,5.0,1334.717699995963,504.33877821726617,1.8681912564991596,269.96099915506323,40,7,0.175,47,1.175,0,0.0,0.0,0.0,0.0,0.13564089902349058,0.9654784224065901,277.6862009313693,1.0286159919413722,0.9721801020346151
proposed,20,0.25,0.1,5,20,4,4,16,0.0,1.0,0,0.1,298.84529998525977,253.70556034875474,2.27531013827679,111.50372693407812,20,6,0.3,26,1.3,27,0.5749566298375577,15.523829005614058,0.005232860665056795,0.04816472221645371,0.1881078530668188,1.0,111.50372693407812,1.0,1.0
proposed,20,0.25,0.1,5,20,4,4,16,0.0,1.0,1,0.09999999999999999,257.677399989916,239.10609457567048,3.606406581553344,66.300371067059,20,5,0.25,25,1.25,25,0.6051143417242338,15.127858543105846,0.009204825857977132,0.07002976685326745,0.2935792130855297,0.9997944774719625,66.34551615523877,1.0006809175793918,0.9993195457538663
proposed,20,0.25,0.1,5,20,4,4,16,0.0,1.0,2,0.1,421.76940001081675,236.04939043396465,2.5689559063719716,91.88534137486512,20,6,0.3,26,1.3,39,0.47531948244281663,18.537459815269848,0.007414807032343444,0.05510721780158468,0.22040167066176725,1.0,91.88534137486512,1.0,1.0
proposed,20,0.25,1.0,5,20,4,4,16,0.0,1.0,0,0.9999999999999999,316.86429999535903,253.70556034875474,2.27531013827679,111.50372693407812,20,6,0.3,26,1.3,23,5.648406238556511,129.91334348679976,0.04280246177445404,0.42342897158470605,0.1859994439940162,1.0,111.50372693407812,1.0,1.0
proposed,20,0.25,1.0,5,20,4,4,16,0.0,1.0,1,0.9999999999999999,247.21890001092106,239.10609457567048,3.013416585679641,79.34717546586506,20,5,0.25,25,1.25,24,6.024689826085857,144.59255582606056,0.06923587906408174,0.5062065782284609,0.23897387030579093,0.8242747516430315,81.41777052075105,1.0260953845266585,0.9745682663423184
proposed,20,0.25,1.0,5,20,4,4,16,0.0,1.0,2,1.0,387.02930000727065,236.04939043396465,2.383578426230562,99.03151825688313,20,6,0.3,26,1.3,35,4.652335302765815,162.83173559680353,0.06597343534881271,0.3930834315917846,0.20322748942122257,0.9278393686393742,99.83711094967897,1.0081347101102316,0.9919309294396361
proposed,20,0.25,5.0,5,20,4,4,16,0.0,1.0,0,5.0,309.8447000083979,253.70556034875474,1.5849615260586696,160.0704851048627,20,9,0.45,29,1.45,11,24.467823617797954,269.1460597957775,0.051066673453440334,0.7373200285085912,0.14086586190224656,0.9501807654384793,178.4619452783487,1.1148960107257606,0.8969446391229197
proposed,20,0.25,5.0,5,20,4,4,16,0.0,1.0,1,5.0,239.67689997516572,239.10609457567048,1.3456234892976255,177.69167711279815,20,12,0.6,32,1.6,14,28.878283649772303,404.29597109681225,0.0793118351064899,0.6203813832422053,0.14413131969962004,0.48933112870891443,127.54195073030718,0.7177711010591898,1.3932018139548037
proposed,20,0.25,5.0,5,20,4,4,16,0.0,1.0,2,5.0,368.9068999956362,236.04939043396465,1.5190285989874857,155.39496135313337,20,13,0.65,33,1.65,30,23.3797888020432,701.393664061296,0.15810318830248152,0.7556334328700797,0.16523180968508752,0.7260944722602638,162.47760039070846,1.0455783056020709,0.9564085201865148
proposed,20,0.4,0.1,5,20,4,4,16,0.0,1.0,0,0.09999999999999999,660.3044999937993,253.70556034875474,1.9045189164515934,133.21241293914085,20,4,0.2,24,1.2,42,0.37513907990463624,15.755841355994722,0.0033426081840531707,0.04997434094205166,0.13307535793507197,1.0,133.21241293914085,1.0,1.0
proposed,20,0.4,0.1,5,20,4,4,16,0.0,1.0,1,0.1,843.9110000035726,239.10609457567048,2.0635194013847564,115.87295685963245,20,3,0.15,23,1.15,49,0.31441810010461585,15.406486905126178,0.0043349566460221325,0.07984690046817525,0.14636385930678059,1.0,115.87295685963245,1.0,1.0
proposed,20,0.4,0.1,5,20,4,4,16,0.0,1.0,2,0.1,805.926900007762,236.04939043396465,2.241273265691439,105.31932631657155,20,7,0.35,27,1.35,70,0.31191093819920324,21.833765673944228,0.007983062379002898,0.08167374115064574,0.20141450046802228,1.0,105.31932631657155,1.0,1.0
proposed,20,0.4,1.0,5,20,4,4,16,0.0,1.0,0,0.9999999999999999,664.9009000102524,253.70556034875474,1.9045189164515934,133.21241293914085,20,4,0.2,24,1.2,39,3.678509999553072,143.4618899825698,0.026534125912092827,0.325968231748222,0.13307535793507194,1.0,133.21241293914085,1.0,1.0
proposed,20,0.4,1.0,5,20,4,4,16,0.0,1.0,1,0.9999999999999999,892.1286000113469,239.10609457567048,1.983430600941897,120.55178258423719,20,5,0.25,25,1.25,51,3.123595262332543,159.3033583789597,0.039768902838189,0.4187686772587937,0.15415262456132475,0.9174466225681986,121.30760535697446,1.0062696938737437,0.9937693702673208
proposed,20,0.4,1.0,5,20,4,4,16,0.0,1.0,2,1.0,852.5057000224479,236.04939043396465,2.157244603326265,109.42170863239109,20,8,0.4,28,1.4,68,3.137328807969425,213.3383589419209,0.07799867726816183,0.5782617026715491,0.19894666958860413,0.9625085152928681,109.84823130325698,1.003897971217931,0.9961171639651767
proposed,20,0.4,5.0,5,20,4,4,16,0.0,1.0,0,5.0,758.5395000060089,253.70556034875474,1.4369695141712056,176.5559796827585,20,11,0.55,31,1.55,22,17.336417279884696,381.40118015746333,0.05140835548368384,0.6716935221449625,0.13414365405463094,0.908153172462118,171.26409958962137,0.9700271828649148,1.0308989455806408
proposed,20,0.4,5.0,5,20,4,4,16,0.0,1.0,1,5.0,886.1208000162151,239.10609457567048,1.1940650351264792,200.24545359067784,20,10,0.5,30,1.5,35,15.59361616060172,545.7765656210602,0.09750003283474058,0.8853883251265248,0.11235973914837576,0.9248643444465755,158.9146735662392,0.7935994087090588,1.2600815840156576
proposed,20,0.4,5.0,5,20,4,4,16,0.0,1.0,2,5.0,843.2842999754939,236.04939043396465,1.3858532504278662,170.32783980633383,20,15,0.75,35,1.75,44,15.275105853917147,672.1046575723544,0.11808530449942577,0.833079137424158,0.15282256713773965,0.8505883358035599,149.5925229215768,0.8782623151427653,1.138611987282462
proposed,40,0.25,0.1,5,20,4,4,16,0.0,1.0,0,0.09999999999999999,2601.2378000013996,522.0091180280147,3.2713014254649786,159.57230781746654,40,9,0.225,49,1.225,168,0.2759812486441276,46.36484977221344,0.011620402175800073,0.07900606641624294,0.24254179014446323,1.0,159.57230781746654,1.0,1.0
proposed,40,0.25,0.1,5,20,4,4,16,0.0,1.0,1,0.09999999999999999,2724.1873999882955,500.86789302425416,2.787033460280512,179.7136274689154,40,6,0.15,46,1.15,149,0.2681045420608337,39.94757676706422,0.009151518847650416,0.06379651151106842,0.2023431420245775,0.99875516039716,179.7136274689154,1.0,1.0
proposed,40,0.25,0.1,5,20,4,4,16,0.0,1.0,2,0.1,3538.662100007059,504.33877821726617,2.6629407027604177,189.3916667744295,40,5,0.125,45,1.125,153,0.23832753835563816,36.46411336841264,0.006796129195164401,0.06111354888922776,0.18928514620236866,1.0,189.3916667744295,1.0,1.0
proposed,40,0.25,1.0,5,20,4,4,16,0.0,1.0,0,1.0,2952.7249000093434,522.0091180280147,3.20276470198178,162.98703357914812,40,9,0.225,49,1.225,158,2.7925124461429816,441.21696649059106,0.10491389629503575,0.5817483771656227,0.2431051991121114,0.9790490955832792,163.9741848075641,1.006056624301568,0.993979837560562
proposed,40,0.25,1.0,5,20,4,4,16,0.0,1.0,1,0.9999999999999999,3323.133300000336,500.86789302425416,2.7598743611003234,181.48213559423232,40,9,0.225,49,1.225,152,2.663723162777456,404.8859207421733,0.08657573437635803,0.47990519404272547,0.21216334314878055,0.9890224855496821,181.48213559423232,1.0,1.0
proposed,40,0.25,1.0,5,20,4,4,16,0.0,1.0,2,1.0,6339.46869999636,504.33877821726617,2.621585542469747,192.3792949140763,40,4,0.1,44,1.1,147,2.3859838960764925,350.73963272324437,0.062376920683734044,0.5454284805046173,0.1800066797464467,0.984470115970738,192.52274680273513,1.0007456721822527,0.9992548834304457
proposed,40,0.25,5.0,5,20,4,4,16,0.0,1.0,0,5.0,5136.636399984127,522.0091180280147,2.0897715576976283,249.7924311895266,40,18,0.45,58,1.45,134,13.914417578596446,1864.5319555319238,0.2566505588668115,0.8884595660267487,0.1898699819032659,0.7750656251408191,212.88461331032642,0.8522460520383146,1.173370058574402
proposed,40,0.25,5.0,5,20,4,4,16,0.0,1.0,1,4.999999999999999,5933.74739997671,500.86789302425416,1.5978971668706117,313.4543970718558,40,16,0.4,56,1.4,134,13.09769582835983,1755.0912410002172,0.17208928793678702,0.8402838783130455,0.14327040819886333,0.5394321929217675,211.49457695106838,0.6747219976071533,1.4820918890245443
proposed,40,0.25,5.0,5,20,4,4,16,0.0,1.0,2,5.0,6818.228899996029,504.33877821726617,1.7836315405580394,282.7595087601306,40,14,0.35,54,1.35,116,11.9509131386907,1386.3059240881212,0.1458930897788445,0.8518842949498064,0.14611341562260563,0.8071747320237493,233.10236670111354,0.8243838296481764,1.2130271895638365
proposed,40,0.4,0.1,5,20,4,4,16,0.0,1.0,0,0.1,12148.204500001157,522.0091180280147,1.760470736658889,296.51678222082245,40,6,0.15,46,1.15,208,0.1752748993267868,36.45717905997166,0.003546754819650973,0.04174141180861548,0.12281661747721737,1.0,296.51678222082245,1.0,1.0
proposed,40,0.4,0.1,5,20,4,4,16,0.0,1.0,1,0.10000000000000002,14748.269799980335,500.86789302425416,2.2137887625673445,226.24918036145175,40,4,0.1,44,1.1,229,0.15307881433678971,35.05504848312484,0.004672712002792516,0.05483292511766338,0.1521395599638648,0.9993346669427259,226.24918036145175,1.0,1.0
proposed,40,0.4,0.1,5,20,4,4,16,0.0,1.0,2,0.1,15186.105800006771,504.33877821726617,2.037210695515805,247.5633862159612,40,4,0.1,44,1.1,211,0.16007956097140713,33.77678736496691,0.0042868680097403085,0.0490406987283557,0.1420697215030094,1.0,247.5633862159612,1.0,1.0
proposed,40,0.4,1.0,5,20,4,4,16,0.0,1.0,0,1.0,12969.115099986084,522.0091180280147,1.7427450400606168,299.53269470206493,40,7,0.175,47,1.175,211,1.7590339035506681,371.15615364919097,0.03444760398846693,0.3638171315569532,0.12465915891496095,0.9124696864829737,300.78732162111436,1.004188614268961,0.9958288570399593
proposed,40,0.4,1.0,5,20,4,4,16,0.0,1.0,1,1.0,18562.91139998939,500.86789302425416,2.188144160635882,228.90077447123062,40,4,0.1,44,1.1,240,1.5491304598967721,371.7913103752253,0.04979638847188098,0.6994845740024188,0.1536916799006349,0.8718456970916809,228.90077447123062,1.0,1.0
proposed,40,0.4,1.0,5,20,4,4,16,0.0,1.0,2,0.9999999999999999,18458.85900000576,504.33877821726617,2.025200721938451,249.03150228710703,40,3,0.075,43,1.075,207,1.602443957668317,331.7058992373416,0.040803259547852605,0.4916114533997309,0.13838570777732895,0.9941046973669487,249.03456445196778,1.000012296295178,0.999987703856019
proposed,40,0.4,5.0,5,20,4,4,16,0.0,1.0,0,5.0,16571.041399991373,522.0091180280147,1.350386258146427,386.5628185113029,40,17,0.425,57,1.425,192,8.613087714075801,1653.712841102554,0.10589595247262328,0.8524104820729537,0.11917097530809351,0.8340575448605164,338.80845683250317,0.8764641621180558,1.140947962530959
proposed,40,0.4,5.0,5,20,4,4,16,0.0,1.0,1,5.0,20571.180700004334,500.86789302425416,1.4995649490583756,334.0088025788846,40,17,0.425,57,1.425,219,7.59994760090107,1664.3885245973343,0.18621848216400613,0.9032749452846819,0.13470650195154793,0.7868469338779499,258.1371632652744,0.7728453899184552,1.2939198616498346
proposed,40,0.4,5.0,5,20,4,4,16,0.0,1.0,2,5.0,18416.607399994973,504.33877821726617,1.5952182521384228,316.15659960083184,40,21,0.525,61,1.525,213,7.774429282676597,1655.9534372101152,0.13102723060084837,0.8998829992697888,0.14669737111191994,0.8705932035521132,277.6862009313693,0.8783185335430799,1.138539108318784
